player_id,player_name,team_id,team_name,game_date,at_bats,hits,doubles,triples,home_runs,rbi,strike_outs,base_on_balls,hit_by_pitch,sac_flies,bat_side,avg,obp,slg,ops,runs,stolen_bases,total_bases
675961,Alika Williams,133,Athletics,2026-07-17,1,0,0,0,0,0,1,0,0,0,R,.259,.284,.412,.696,0,0,0
675961,Alika Williams,133,Athletics,2026-07-19,3,2,2,0,0,0,0,0,0,0,R,.273,.297,.443,.740,1,0,4
675961,Alika Williams,133,Athletics,2026-07-20,2,0,0,0,0,0,0,0,1,0,R,.267,.298,.433,.731,0,0,0
675961,Alika Williams,133,Athletics,2026-07-21,2,1,0,0,0,1,0,0,0,0,R,.272,.302,.435,.737,0,0,1
675961,Alika Williams,133,Athletics,2026-07-22,0,0,0,0,0,1,0,0,0,1,R,.272,.299,.435,.734,0,0,0
675961,Alika Williams,133,Athletics,2026-07-24,2,1,0,0,0,0,1,0,0,0,R,.277,.303,.436,.739,0,0,1
675961,Alika Williams,133,Athletics,2026-07-26,2,0,0,0,0,0,1,0,0,0,R,.271,.297,.427,.724,0,0,0
675961,Alika Williams,133,Athletics,2026-07-27,4,1,0,0,0,0,2,0,0,0,R,.270,.295,.420,.715,0,0,1
675961,Alika Williams,133,Athletics,2026-07-28,3,0,0,0,0,0,0,0,0,0,R,.262,.287,.408,.695,0,0,0
675961,Alika Williams,133,Athletics,2026-07-29,2,0,0,0,0,0,0,0,0,0,R,.257,.282,.400,.682,0,0,0
661531,Brian Serven,133,Athletics,2026-07-05,4,1,0,0,0,0,1,0,0,0,R,.250,.250,.250,.500,0,0,1
661531,Brian Serven,133,Athletics,2026-07-12,0,0,0,0,0,0,0,0,0,0,R,.250,.250,.250,.500,0,0,0
661531,Brian Serven,133,Athletics,2026-07-28,3,1,0,0,1,2,1,0,0,0,R,.286,.286,.714,1.000,1,0,4
666126,Carlos Cortes,133,Athletics,2026-07-11,2,0,0,0,0,0,0,0,0,0,L,.277,.355,.431,.786,0,0,0
666126,Carlos Cortes,133,Athletics,2026-07-12,2,1,0,0,0,0,1,0,0,0,L,.279,.357,.431,.788,0,0,1
666126,Carlos Cortes,133,Athletics,2026-07-17,4,1,0,0,0,0,1,0,0,0,L,.279,.355,.428,.783,0,0,1
666126,Carlos Cortes,133,Athletics,2026-07-18,4,2,1,0,1,2,1,0,1,0,L,.283,.360,.448,.808,2,0,6
666126,Carlos Cortes,133,Athletics,2026-07-19,1,0,0,0,0,0,0,0,0,0,L,.282,.358,.446,.804,0,0,0
666126,Carlos Cortes,133,Athletics,2026-07-21,1,0,0,0,0,0,0,0,0,0,L,.280,.357,.444,.801,0,0,0
666126,Carlos Cortes,133,Athletics,2026-07-22,4,0,0,0,0,0,1,0,0,0,L,.275,.351,.436,.787,0,0,0
666126,Carlos Cortes,133,Athletics,2026-07-24,4,0,0,0,0,0,1,0,0,0,L,.270,.345,.428,.773,0,0,0
666126,Carlos Cortes,133,Athletics,2026-07-26,1,0,0,0,0,2,0,0,0,1,L,.269,.343,.426,.769,0,0,0
666126,Carlos Cortes,133,Athletics,2026-07-29,2,0,0,0,0,0,2,0,0,0,L,.267,.340,.422,.762,0,0,0
687515,Colby Thomas,133,Athletics,2026-07-10,1,0,0,0,0,0,0,0,0,0,R,.213,.245,.372,.617,0,0,0
687515,Colby Thomas,133,Athletics,2026-07-11,2,0,0,0,0,0,1,0,0,0,R,.208,.240,.365,.605,0,0,0
687515,Colby Thomas,133,Athletics,2026-07-12,2,0,0,0,0,0,1,0,0,0,R,.204,.235,.357,.592,0,0,0
687515,Colby Thomas,133,Athletics,2026-07-17,1,0,0,0,0,0,1,0,0,0,R,.202,.233,.354,.587,0,0,0
687515,Colby Thomas,133,Athletics,2026-07-19,3,1,0,0,0,0,1,0,0,0,R,.206,.236,.353,.589,0,0,1
687515,Colby Thomas,133,Athletics,2026-07-20,1,0,0,0,0,0,0,0,1,0,R,.204,.241,.350,.591,0,0,0
687515,Colby Thomas,133,Athletics,2026-07-26,2,0,0,0,0,0,1,0,0,0,R,.200,.236,.343,.579,0,0,0
687515,Colby Thomas,133,Athletics,2026-07-27,4,2,0,0,0,0,2,0,0,0,R,.211,.246,.349,.595,0,0,2
687515,Colby Thomas,133,Athletics,2026-07-28,2,0,0,0,0,0,0,0,0,0,R,.207,.241,.342,.583,0,0,0
687515,Colby Thomas,133,Athletics,2026-07-29,2,0,0,0,0,0,1,0,0,0,R,.204,.237,.336,.573,0,0,0
622268,Donovan Walton,133,Athletics,2026-07-18,1,0,0,0,0,0,0,3,1,0,L,.305,.371,.484,.855,2,0,0
622268,Donovan Walton,133,Athletics,2026-07-19,1,0,0,0,0,0,1,0,0,0,L,.302,.368,.479,.847,0,0,0
622268,Donovan Walton,133,Athletics,2026-07-20,2,0,0,0,0,0,1,0,0,0,L,.296,.361,.469,.830,0,0,0
622268,Donovan Walton,133,Athletics,2026-07-21,1,1,0,1,0,0,0,1,0,0,L,.303,.373,.495,.868,1,0,3
622268,Donovan Walton,133,Athletics,2026-07-22,3,1,1,0,0,0,1,1,0,0,L,.304,.377,.500,.877,1,0,2
622268,Donovan Walton,133,Athletics,2026-07-24,1,0,0,0,0,0,0,1,0,0,L,.301,.379,.495,.874,1,0,0
622268,Donovan Walton,133,Athletics,2026-07-25,4,0,0,0,0,0,1,0,0,0,L,.290,.367,.477,.844,0,0,0
622268,Donovan Walton,133,Athletics,2026-07-26,1,1,0,0,0,1,0,1,0,0,L,.296,.377,.481,.858,1,0,1
622268,Donovan Walton,133,Athletics,2026-07-27,0,0,0,0,0,0,0,0,0,0,L,.296,.377,.481,.858,0,0,0
622268,Donovan Walton,133,Athletics,2026-07-29,1,0,0,0,0,0,0,0,0,0,L,.294,.374,.477,.851,0,0,0
703607,Henry Bolte,133,Athletics,2026-07-19,3,1,0,0,0,0,0,0,0,0,R,.262,.341,.350,.691,0,0,1
703607,Henry Bolte,133,Athletics,2026-07-20,3,0,0,0,0,0,1,0,0,0,R,.258,.336,.344,.680,0,0,0
703607,Henry Bolte,133,Athletics,2026-07-21,3,0,0,0,0,0,2,0,0,0,R,.254,.332,.339,.671,0,0,0
703607,Henry Bolte,133,Athletics,2026-07-22,2,0,0,0,0,0,0,0,0,0,R,.251,.329,.335,.664,0,0,0
703607,Henry Bolte,133,Athletics,2026-07-24,3,1,0,0,0,0,1,0,0,0,R,.253,.329,.335,.664,1,0,1
703607,Henry Bolte,133,Athletics,2026-07-25,2,0,0,0,0,0,1,1,0,0,R,.250,.329,.332,.661,0,0,0
703607,Henry Bolte,133,Athletics,2026-07-26,2,0,0,0,0,0,1,0,0,0,R,.247,.326,.328,.654,0,0,0
703607,Henry Bolte,133,Athletics,2026-07-27,4,0,0,0,0,0,2,0,0,0,R,.243,.320,.322,.642,0,0,0
703607,Henry Bolte,133,Athletics,2026-07-28,3,2,0,0,0,1,0,1,0,0,R,.249,.328,.327,.655,1,1,2
703607,Henry Bolte,133,Athletics,2026-07-29,3,0,0,0,0,0,1,1,0,0,R,.245,.326,.322,.648,0,0,0
805779,Jacob Wilson,133,Athletics,2026-07-19,5,2,0,0,0,1,0,0,0,0,R,.290,.320,.403,.723,0,0,2
805779,Jacob Wilson,133,Athletics,2026-07-20,5,2,0,0,1,1,0,0,0,0,R,.292,.322,.416,.738,1,0,5
805779,Jacob Wilson,133,Athletics,2026-07-21,4,1,0,0,1,2,0,0,1,0,R,.291,.323,.425,.748,1,0,4
805779,Jacob Wilson,133,Athletics,2026-07-22,4,1,0,0,0,0,1,0,0,0,R,.291,.322,.422,.744,0,1,1
805779,Jacob Wilson,133,Athletics,2026-07-24,4,0,0,0,0,0,0,0,0,0,R,.286,.317,.416,.733,0,0,0
805779,Jacob Wilson,133,Athletics,2026-07-25,4,0,0,0,0,0,0,0,0,0,R,.282,.313,.409,.722,0,0,0
805779,Jacob Wilson,133,Athletics,2026-07-26,4,0,0,0,0,0,0,0,1,0,R,.278,.310,.403,.713,1,0,0
805779,Jacob Wilson,133,Athletics,2026-07-27,4,0,0,0,0,0,1,0,0,0,R,.273,.306,.397,.703,0,0,0
805779,Jacob Wilson,133,Athletics,2026-07-28,4,1,1,0,0,0,0,0,0,0,R,.273,.305,.399,.704,0,1,2
805779,Jacob Wilson,133,Athletics,2026-07-29,5,1,0,0,0,0,1,0,0,0,R,.272,.303,.395,.698,0,0,1
643446,Jeff McNeil,133,Athletics,2026-07-18,5,3,0,0,0,2,0,0,0,0,L,.233,.295,.307,.602,2,0,3
643446,Jeff McNeil,133,Athletics,2026-07-19,0,0,0,0,0,0,0,1,0,0,L,.233,.298,.307,.605,1,0,0
643446,Jeff McNeil,133,Athletics,2026-07-20,1,1,0,0,0,2,0,0,0,0,L,.236,.300,.310,.610,0,1,1
643446,Jeff McNeil,133,Athletics,2026-07-21,2,0,0,0,0,0,0,0,0,0,L,.234,.298,.308,.606,0,0,0
643446,Jeff McNeil,133,Athletics,2026-07-22,4,2,0,0,1,1,0,0,0,0,L,.238,.301,.321,.622,2,0,5
643446,Jeff McNeil,133,Athletics,2026-07-24,2,0,0,0,0,0,0,1,0,0,L,.237,.301,.319,.620,0,0,0
643446,Jeff McNeil,133,Athletics,2026-07-25,4,2,2,0,0,0,1,0,0,0,L,.240,.304,.329,.633,0,0,4
643446,Jeff McNeil,133,Athletics,2026-07-26,4,2,0,0,0,2,0,0,0,0,L,.244,.306,.331,.637,1,0,2
643446,Jeff McNeil,133,Athletics,2026-07-27,3,1,0,0,0,0,0,0,0,0,L,.245,.306,.331,.637,0,0,1
643446,Jeff McNeil,133,Athletics,2026-07-29,4,2,0,0,0,0,1,0,0,0,L,.248,.309,.333,.642,0,1,2
641680,Jonah Heim,133,Athletics,2026-07-18,5,1,0,0,0,1,2,0,0,0,S,.231,.286,.444,.730,0,0,1
641680,Jonah Heim,133,Athletics,2026-07-19,4,1,0,0,0,0,0,0,0,0,S,.231,.286,.439,.725,0,0,1
641680,Jonah Heim,133,Athletics,2026-07-20,5,0,0,0,0,0,1,0,0,0,S,.225,.278,.427,.705,0,0,0
641680,Jonah Heim,133,Athletics,2026-07-21,4,1,0,0,0,1,1,0,0,1,S,.225,.276,.423,.699,0,0,1
641680,Jonah Heim,133,Athletics,2026-07-22,3,2,1,0,0,1,0,0,1,0,S,.232,.286,.432,.718,1,0,3
641680,Jonah Heim,133,Athletics,2026-07-25,4,0,0,0,0,0,1,0,0,0,S,.228,.280,.423,.703,0,0,0
641680,Jonah Heim,133,Athletics,2026-07-26,4,0,0,0,0,0,0,0,0,0,S,.223,.275,.415,.690,0,0,0
641680,Jonah Heim,133,Athletics,2026-07-27,4,1,0,0,1,1,3,0,0,0,S,.223,.274,.426,.700,1,0,4
641680,Jonah Heim,133,Athletics,2026-07-28,3,0,0,0,0,0,0,1,0,0,S,.220,.274,.420,.694,0,0,0
641680,Jonah Heim,133,Athletics,2026-07-29,5,3,0,0,1,1,0,0,0,0,S,.229,.281,.439,.720,1,0,6
671732,Lawrence Butler,133,Athletics,2026-07-19,1,0,0,0,0,0,1,0,0,0,L,.193,.292,.289,.581,0,0,0
671732,Lawrence Butler,133,Athletics,2026-07-20,3,2,0,0,0,0,0,0,0,0,L,.198,.296,.294,.590,1,0,2
671732,Lawrence Butler,133,Athletics,2026-07-21,4,1,0,1,0,0,2,0,0,0,L,.199,.296,.301,.597,1,0,3
671732,Lawrence Butler,133,Athletics,2026-07-22,3,1,0,0,0,1,0,1,0,0,L,.201,.298,.301,.599,0,0,1
671732,Lawrence Butler,133,Athletics,2026-07-24,2,0,0,0,0,1,0,0,0,1,L,.199,.295,.299,.594,0,0,0
671732,Lawrence Butler,133,Athletics,2026-07-25,0,0,0,0,0,0,0,2,0,0,L,.199,.300,.299,.599,0,0,0
671732,Lawrence Butler,133,Athletics,2026-07-26,1,0,0,0,0,0,0,1,0,0,L,.198,.301,.298,.599,1,0,0
671732,Lawrence Butler,133,Athletics,2026-07-27,3,0,0,0,0,0,2,0,0,0,L,.196,.298,.294,.592,0,0,0
671732,Lawrence Butler,133,Athletics,2026-07-28,1,1,1,0,0,1,0,0,0,0,L,.199,.301,.301,.602,0,0,2
671732,Lawrence Butler,133,Athletics,2026-07-29,3,2,1,0,1,1,0,1,0,0,L,.204,.306,.320,.626,1,0,6
701762,Nick Kurtz,133,Athletics,2026-07-04,4,0,0,0,0,0,3,0,0,0,L,.278,.420,.519,.939,0,0,0
701762,Nick Kurtz,133,Athletics,2026-07-05,4,0,0,0,0,0,2,0,0,0,L,.275,.415,.512,.927,0,0,0
701762,Nick Kurtz,133,Athletics,2026-07-07,5,0,0,0,0,0,2,0,0,0,L,.271,.410,.505,.915,0,0,0
701762,Nick Kurtz,133,Athletics,2026-07-08,1,0,0,0,0,0,0,0,0,0,L,.270,.409,.503,.912,0,0,0
701762,Nick Kurtz,133,Athletics,2026-07-09,4,0,0,0,0,0,2,0,0,0,L,.266,.405,.497,.902,0,0,0
701762,Nick Kurtz,133,Athletics,2026-07-25,4,0,0,0,0,0,4,0,0,0,L,.263,.401,.491,.892,0,0,0
701762,Nick Kurtz,133,Athletics,2026-07-26,3,1,0,0,1,3,1,1,0,0,L,.264,.402,.499,.901,1,0,4
701762,Nick Kurtz,133,Athletics,2026-07-27,1,0,0,0,0,0,0,0,0,0,L,.263,.401,.497,.898,0,0,0
701762,Nick Kurtz,133,Athletics,2026-07-28,4,0,0,0,0,0,2,0,0,0,L,.260,.398,.491,.889,0,0,0
701762,Nick Kurtz,133,Athletics,2026-07-29,0,0,0,0,0,0,0,0,1,0,L,.260,.399,.491,.890,0,0,0
695720,Tommy White,133,Athletics,2026-07-19,2,0,0,0,0,0,0,1,0,0,R,.167,.286,.333,.619,0,0,0
695720,Tommy White,133,Athletics,2026-07-20,5,4,0,0,0,0,0,0,0,0,R,.455,.500,.545,1.045,1,0,4
695720,Tommy White,133,Athletics,2026-07-21,5,2,0,0,0,0,0,0,0,0,R,.438,.471,.500,.971,0,0,2
695720,Tommy White,133,Athletics,2026-07-22,3,0,0,0,0,0,0,1,0,0,R,.368,.429,.421,.850,1,0,0
695720,Tommy White,133,Athletics,2026-07-24,4,1,1,0,0,0,0,0,0,0,R,.348,.400,.435,.835,0,0,2
695720,Tommy White,133,Athletics,2026-07-25,4,0,0,0,0,0,1,0,0,0,R,.296,.345,.370,.715,0,0,0
695720,Tommy White,133,Athletics,2026-07-26,4,2,0,0,0,0,1,0,0,0,R,.323,.364,.387,.751,2,0,2
695720,Tommy White,133,Athletics,2026-07-27,4,0,0,0,0,0,1,0,0,0,R,.286,.324,.343,.667,0,0,0
695720,Tommy White,133,Athletics,2026-07-28,4,4,0,0,0,0,0,0,0,0,R,.359,.390,.410,.800,2,0,4
695720,Tommy White,133,Athletics,2026-07-29,5,0,0,0,0,0,4,0,0,0,R,.318,.348,.364,.712,0,0,0
691016,Tyler Soderstrom,133,Athletics,2026-07-19,5,1,0,0,0,1,2,0,0,0,L,.244,.344,.479,.823,0,0,1
691016,Tyler Soderstrom,133,Athletics,2026-07-20,5,2,0,0,0,0,0,0,0,0,L,.247,.345,.478,.823,0,0,2
691016,Tyler Soderstrom,133,Athletics,2026-07-21,4,1,0,0,0,0,1,1,0,0,L,.247,.346,.475,.821,1,0,1
691016,Tyler Soderstrom,133,Athletics,2026-07-22,3,1,0,0,0,1,0,0,0,0,L,.248,.346,.474,.820,0,0,1
691016,Tyler Soderstrom,133,Athletics,2026-07-24,3,1,0,0,0,1,1,1,0,0,L,.248,.347,.472,.819,0,0,1
691016,Tyler Soderstrom,133,Athletics,2026-07-25,4,1,0,0,0,0,1,0,0,0,L,.248,.346,.470,.816,0,0,1
691016,Tyler Soderstrom,133,Athletics,2026-07-26,4,2,1,0,0,0,1,0,0,0,L,.251,.348,.473,.821,1,0,3
691016,Tyler Soderstrom,133,Athletics,2026-07-27,3,1,0,0,1,1,0,1,0,0,L,.252,.350,.481,.831,1,0,4
691016,Tyler Soderstrom,133,Athletics,2026-07-28,4,0,0,0,0,0,2,0,0,0,L,.249,.346,.475,.821,0,0,0
691016,Tyler Soderstrom,133,Athletics,2026-07-29,5,0,0,0,0,0,4,0,0,0,L,.246,.342,.468,.810,0,0,0
695257,Billy Cook,134,Pirates,2026-07-12,1,0,0,0,0,0,1,0,0,0,R,.171,.171,.200,.371,0,0,0
695257,Billy Cook,134,Pirates,2026-07-18,0,0,0,0,0,0,0,0,0,0,R,.171,.171,.200,.371,0,0,0
695257,Billy Cook,134,Pirates,2026-07-19,4,3,0,1,0,2,1,0,0,0,R,.231,.231,.308,.539,2,1,5
695257,Billy Cook,134,Pirates,2026-07-20,2,0,0,0,0,0,0,0,0,0,R,.220,.220,.293,.513,0,0,0
695257,Billy Cook,134,Pirates,2026-07-22,0,0,0,0,0,0,0,0,0,0,R,.220,.220,.293,.513,1,0,0
695257,Billy Cook,134,Pirates,2026-07-22,2,0,0,0,0,0,2,0,0,0,R,.209,.209,.279,.488,0,0,0
695257,Billy Cook,134,Pirates,2026-07-25,1,0,0,0,0,0,0,0,0,0,R,.205,.205,.273,.478,0,0,0
695257,Billy Cook,134,Pirates,2026-07-26,1,0,0,0,0,0,1,0,0,0,R,.200,.200,.267,.467,0,0,0
695257,Billy Cook,134,Pirates,2026-07-27,0,0,0,0,0,0,0,0,0,0,R,.200,.200,.267,.467,1,0,0
695257,Billy Cook,134,Pirates,2026-07-28,0,0,0,0,0,0,0,0,0,0,R,.200,.200,.267,.467,0,0,0
664040,Brandon Lowe,134,Pirates,2026-07-18,4,2,0,0,0,0,2,0,0,0,L,.249,.318,.488,.806,1,0,2
664040,Brandon Lowe,134,Pirates,2026-07-18,2,0,0,0,0,1,1,1,0,1,L,.248,.317,.485,.802,1,0,0
664040,Brandon Lowe,134,Pirates,2026-07-20,5,0,0,0,0,0,3,0,0,0,L,.245,.313,.478,.791,0,0,0
664040,Brandon Lowe,134,Pirates,2026-07-22,4,1,0,0,0,0,1,1,0,0,L,.245,.314,.476,.790,0,0,1
664040,Brandon Lowe,134,Pirates,2026-07-22,3,0,0,0,0,0,1,0,0,0,L,.243,.312,.472,.784,0,0,0
664040,Brandon Lowe,134,Pirates,2026-07-24,3,0,0,0,0,0,1,1,0,0,L,.241,.311,.468,.779,0,0,0
664040,Brandon Lowe,134,Pirates,2026-07-26,4,3,1,0,0,0,0,0,0,0,L,.246,.316,.474,.790,2,0,4
664040,Brandon Lowe,134,Pirates,2026-07-27,5,3,1,0,0,2,2,0,0,0,L,.251,.319,.478,.797,1,0,4
664040,Brandon Lowe,134,Pirates,2026-07-28,5,2,1,0,1,2,0,1,0,0,L,.253,.321,.487,.808,1,0,6
664040,Brandon Lowe,134,Pirates,2026-07-29,4,1,0,0,0,0,2,0,0,0,L,.253,.321,.485,.806,0,0,1
668804,Bryan Reynolds,134,Pirates,2026-07-19,5,0,0,0,0,0,4,0,0,0,S,.282,.398,.475,.873,0,0,0
668804,Bryan Reynolds,134,Pirates,2026-07-20,3,1,0,0,0,0,1,1,0,0,S,.282,.399,.474,.873,1,0,1
668804,Bryan Reynolds,134,Pirates,2026-07-22,5,0,0,0,0,0,2,0,0,0,S,.278,.394,.468,.862,0,0,0
668804,Bryan Reynolds,134,Pirates,2026-07-22,4,0,0,0,0,0,3,0,0,0,S,.275,.391,.463,.854,0,0,0
668804,Bryan Reynolds,134,Pirates,2026-07-24,5,0,0,0,0,0,2,0,0,0,S,.272,.386,.456,.842,0,0,0
668804,Bryan Reynolds,134,Pirates,2026-07-25,3,0,0,0,0,0,0,0,0,0,S,.270,.384,.453,.837,0,0,0
668804,Bryan Reynolds,134,Pirates,2026-07-26,4,1,1,0,0,0,1,0,0,0,S,.269,.383,.453,.836,1,0,2
668804,Bryan Reynolds,134,Pirates,2026-07-27,4,1,1,0,0,1,1,0,0,0,S,.269,.381,.454,.835,0,0,2
668804,Bryan Reynolds,134,Pirates,2026-07-28,4,1,0,0,1,1,1,2,0,0,S,.269,.383,.459,.842,2,0,4
668804,Bryan Reynolds,134,Pirates,2026-07-29,3,1,0,0,0,0,1,1,0,0,S,.270,.384,.458,.842,0,0,1
682848,Endy Rodríguez,134,Pirates,2026-06-24,4,2,1,0,0,3,1,1,0,0,S,.263,.398,.447,.845,1,0,3
682848,Endy Rodríguez,134,Pirates,2026-06-26,2,0,0,0,0,0,0,0,0,0,S,.256,.389,.436,.825,0,0,0
682848,Endy Rodríguez,134,Pirates,2026-06-27,4,1,1,0,0,0,0,0,0,0,S,.256,.384,.439,.823,1,0,2
682848,Endy Rodríguez,134,Pirates,2026-06-29,3,2,0,0,1,4,0,2,0,0,S,.271,.404,.482,.886,1,0,5
682848,Endy Rodríguez,134,Pirates,2026-06-30,4,1,0,0,0,0,3,0,0,0,S,.270,.398,.472,.870,0,0,1
682848,Endy Rodríguez,134,Pirates,2026-07-02,4,1,0,0,1,1,2,1,0,0,S,.269,.398,.495,.893,1,0,4
682848,Endy Rodríguez,134,Pirates,2026-07-03,3,0,0,0,0,0,1,1,0,0,S,.260,.393,.479,.872,0,0,0
682848,Endy Rodríguez,134,Pirates,2026-07-05,4,1,0,0,0,0,0,0,0,0,S,.260,.388,.470,.858,0,0,1
682848,Endy Rodríguez,134,Pirates,2026-07-27,2,1,0,0,0,0,0,0,0,0,S,.265,.390,.471,.861,0,0,1
682848,Endy Rodríguez,134,Pirates,2026-07-28,6,1,0,0,0,1,3,0,0,0,S,.259,.380,.454,.834,1,1,1
699013,Esmerlyn Valdez,134,Pirates,2026-07-19,3,1,0,0,1,2,2,2,0,0,R,.305,.373,.733,1.106,1,0,4
699013,Esmerlyn Valdez,134,Pirates,2026-07-20,3,1,0,0,1,2,2,1,0,0,R,.306,.377,.750,1.127,1,0,4
699013,Esmerlyn Valdez,134,Pirates,2026-07-22,4,0,0,0,0,0,3,1,0,0,R,.295,.370,.723,1.093,0,0,0
699013,Esmerlyn Valdez,134,Pirates,2026-07-22,1,0,0,0,0,0,1,3,0,0,R,.292,.382,.717,1.099,0,0,0
699013,Esmerlyn Valdez,134,Pirates,2026-07-24,4,0,0,0,0,0,1,0,0,0,R,.282,.370,.692,1.062,0,0,0
699013,Esmerlyn Valdez,134,Pirates,2026-07-25,3,1,0,0,0,0,2,1,0,0,R,.283,.374,.683,1.057,0,0,1
699013,Esmerlyn Valdez,134,Pirates,2026-07-26,3,2,0,0,1,2,1,1,0,0,R,.293,.385,.707,1.092,2,0,5
699013,Esmerlyn Valdez,134,Pirates,2026-07-27,1,0,0,0,0,0,0,0,1,0,R,.290,.386,.702,1.088,0,0,0
699013,Esmerlyn Valdez,134,Pirates,2026-07-28,6,1,1,0,0,0,2,0,0,0,R,.285,.377,.685,1.062,0,0,2
699013,Esmerlyn Valdez,134,Pirates,2026-07-29,3,0,0,0,0,0,0,1,0,0,R,.278,.374,.669,1.043,0,0,0
680779,Henry Davis,134,Pirates,2026-07-11,0,0,0,0,0,0,0,0,0,0,R,.157,.262,.321,.583,0,0,0
680779,Henry Davis,134,Pirates,2026-07-12,4,2,0,0,1,3,1,0,0,0,R,.166,.267,.344,.611,3,0,5
680779,Henry Davis,134,Pirates,2026-07-18,4,1,0,0,0,0,2,0,0,0,R,.168,.267,.341,.608,0,0,1
680779,Henry Davis,134,Pirates,2026-07-19,4,0,0,0,0,0,2,0,0,0,R,.164,.262,.333,.595,0,0,0
680779,Henry Davis,134,Pirates,2026-07-20,3,1,0,0,0,0,0,0,0,0,R,.167,.263,.333,.596,0,0,1
680779,Henry Davis,134,Pirates,2026-07-22,3,0,0,0,0,0,3,0,0,0,R,.164,.259,.328,.587,0,0,0
680779,Henry Davis,134,Pirates,2026-07-24,3,2,0,0,0,1,0,1,0,0,R,.172,.268,.333,.601,1,0,2
680779,Henry Davis,134,Pirates,2026-07-25,2,1,0,0,0,0,0,0,1,0,R,.176,.274,.335,.609,0,0,1
680779,Henry Davis,134,Pirates,2026-07-27,2,0,0,0,0,0,0,0,0,0,R,.174,.271,.332,.603,0,0,0
680779,Henry Davis,134,Pirates,2026-07-29,3,0,0,0,0,0,1,0,0,0,R,.171,.268,.326,.594,0,0,0
694378,Jacob Gonzalez,134,Pirates,2026-07-18,4,2,0,0,1,2,0,0,0,0,L,.253,.327,.396,.723,1,0,5
694378,Jacob Gonzalez,134,Pirates,2026-07-18,1,0,0,0,0,0,1,0,0,0,L,.250,.324,.391,.715,0,0,0
694378,Jacob Gonzalez,134,Pirates,2026-07-19,4,1,1,0,0,1,0,0,0,0,L,.250,.321,.396,.717,1,0,2
694378,Jacob Gonzalez,134,Pirates,2026-07-20,2,1,0,0,0,0,0,0,0,0,L,.255,.324,.398,.722,0,0,1
694378,Jacob Gonzalez,134,Pirates,2026-07-22,4,1,0,0,1,2,0,0,0,0,L,.255,.321,.422,.743,1,0,4
694378,Jacob Gonzalez,134,Pirates,2026-07-22,1,0,0,0,0,0,0,0,0,0,L,.252,.319,.417,.736,0,0,0
694378,Jacob Gonzalez,134,Pirates,2026-07-25,3,0,0,0,0,0,1,0,0,0,L,.245,.310,.406,.716,0,0,0
694378,Jacob Gonzalez,134,Pirates,2026-07-26,4,0,0,0,0,0,0,0,0,0,L,.236,.300,.391,.691,0,0,0
694378,Jacob Gonzalez,134,Pirates,2026-07-27,4,1,0,0,0,0,2,0,0,0,L,.237,.298,.386,.684,0,1,1
694378,Jacob Gonzalez,134,Pirates,2026-07-28,3,1,0,0,0,0,0,0,0,0,L,.239,.299,.385,.684,0,0,1
663968,Jake Mangum,134,Pirates,2026-07-18,5,0,0,0,0,0,1,0,0,0,S,.303,.357,.380,.737,0,0,0
663968,Jake Mangum,134,Pirates,2026-07-18,5,1,0,0,0,0,1,0,0,0,S,.301,.354,.377,.731,0,0,1
663968,Jake Mangum,134,Pirates,2026-07-19,5,2,0,0,0,1,2,0,0,0,S,.303,.355,.377,.732,0,0,2
663968,Jake Mangum,134,Pirates,2026-07-20,2,0,0,0,0,0,0,0,0,0,S,.301,.352,.374,.726,0,0,0
663968,Jake Mangum,134,Pirates,2026-07-22,5,2,0,0,0,1,1,0,0,0,S,.303,.353,.375,.728,0,1,2
663968,Jake Mangum,134,Pirates,2026-07-24,5,2,0,0,0,0,0,0,0,0,S,.305,.354,.375,.729,0,0,2
663968,Jake Mangum,134,Pirates,2026-07-25,4,1,0,0,0,0,1,0,0,0,S,.304,.352,.373,.725,0,0,1
663968,Jake Mangum,134,Pirates,2026-07-26,4,1,0,0,0,0,2,0,0,0,S,.303,.351,.371,.722,0,0,1
663968,Jake Mangum,134,Pirates,2026-07-27,5,1,0,0,0,0,1,0,0,0,S,.301,.348,.368,.716,1,0,1
663968,Jake Mangum,134,Pirates,2026-07-28,6,2,1,0,0,0,1,0,0,0,S,.302,.348,.371,.719,1,0,3
669707,Jared Triolo,134,Pirates,2026-07-19,3,2,0,0,0,0,1,2,0,0,R,.241,.314,.312,.626,1,0,2
669707,Jared Triolo,134,Pirates,2026-07-20,2,1,1,0,0,2,0,0,0,0,R,.244,.315,.318,.633,1,0,2
669707,Jared Triolo,134,Pirates,2026-07-22,2,1,0,0,0,1,1,0,0,0,R,.246,.317,.320,.637,0,0,1
669707,Jared Triolo,134,Pirates,2026-07-22,3,1,0,0,0,0,0,0,0,0,R,.248,.317,.320,.637,0,1,1
669707,Jared Triolo,134,Pirates,2026-07-24,4,1,0,0,0,0,1,0,0,0,R,.248,.316,.319,.635,0,0,1
669707,Jared Triolo,134,Pirates,2026-07-25,4,0,0,0,0,0,1,0,0,0,R,.243,.311,.313,.624,0,0,0
669707,Jared Triolo,134,Pirates,2026-07-26,0,0,0,0,0,0,0,0,0,0,R,.243,.311,.313,.624,0,0,0
669707,Jared Triolo,134,Pirates,2026-07-27,1,0,0,0,0,0,0,1,0,0,R,.242,.312,.312,.624,0,0,0
669707,Jared Triolo,134,Pirates,2026-07-28,2,0,0,0,0,0,1,0,0,0,R,.240,.310,.309,.619,0,0,0
669707,Jared Triolo,134,Pirates,2026-07-29,3,2,0,0,0,0,0,0,0,0,R,.245,.314,.314,.628,0,1,2
691373,Jhostynxon Garcia,134,Pirates,2026-05-24,1,0,0,0,0,0,0,0,0,0,R,.294,.333,.294,.627,0,0,0
691373,Jhostynxon Garcia,134,Pirates,2026-05-25,3,0,0,0,0,0,1,0,0,0,R,.250,.286,.250,.536,0,0,0
691373,Jhostynxon Garcia,134,Pirates,2026-05-26,1,0,0,0,0,0,0,0,0,0,R,.238,.273,.238,.511,0,0,0
691373,Jhostynxon Garcia,134,Pirates,2026-05-28,4,1,0,0,0,0,1,0,0,0,R,.240,.269,.240,.509,1,0,1
691373,Jhostynxon Garcia,134,Pirates,2026-05-29,3,0,0,0,0,0,2,0,0,0,R,.214,.241,.214,.455,0,0,0
691373,Jhostynxon Garcia,134,Pirates,2026-05-31,0,0,0,0,0,0,0,0,0,0,R,.214,.241,.214,.455,0,0,0
691373,Jhostynxon Garcia,134,Pirates,2026-06-03,4,1,1,0,0,1,1,0,1,0,R,.219,.265,.250,.515,1,0,2
691373,Jhostynxon Garcia,134,Pirates,2026-06-05,3,0,0,0,0,0,0,0,0,0,R,.200,.243,.229,.472,0,0,0
691373,Jhostynxon Garcia,134,Pirates,2026-06-06,0,0,0,0,0,0,0,0,0,0,R,.200,.243,.229,.472,0,0,0
691373,Jhostynxon Garcia,134,Pirates,2026-07-29,3,0,0,0,0,0,0,0,0,0,R,.184,.225,.211,.436,0,0,0
542303,Marcell Ozuna,134,Pirates,2026-07-11,3,0,0,0,0,0,1,0,0,0,R,.201,.286,.320,.606,0,0,0
542303,Marcell Ozuna,134,Pirates,2026-07-12,5,2,0,0,1,2,2,0,0,0,R,.205,.288,.335,.623,2,0,5
542303,Marcell Ozuna,134,Pirates,2026-07-18,4,1,0,0,0,0,1,0,0,0,R,.206,.287,.333,.620,0,0,1
542303,Marcell Ozuna,134,Pirates,2026-07-20,3,1,1,0,0,0,0,1,0,0,R,.208,.291,.338,.629,1,0,2
542303,Marcell Ozuna,134,Pirates,2026-07-22,0,0,0,0,0,0,0,1,0,0,R,.208,.293,.338,.631,0,0,0
542303,Marcell Ozuna,134,Pirates,2026-07-22,3,0,0,0,0,0,2,0,0,0,R,.205,.290,.333,.623,0,0,0
542303,Marcell Ozuna,134,Pirates,2026-07-24,3,0,0,0,0,0,0,1,0,0,R,.203,.289,.329,.618,1,0,0
542303,Marcell Ozuna,134,Pirates,2026-07-25,3,0,0,0,0,0,0,0,0,0,R,.200,.286,.325,.611,0,0,0
542303,Marcell Ozuna,134,Pirates,2026-07-28,4,2,0,0,0,1,0,0,0,0,R,.205,.289,.328,.617,0,0,2
542303,Marcell Ozuna,134,Pirates,2026-07-29,3,0,0,0,0,0,0,0,0,0,R,.202,.286,.324,.610,0,0,0
693304,Nick Gonzales,134,Pirates,2026-07-19,5,2,2,0,0,0,2,0,0,0,R,.311,.370,.407,.777,2,0,4
693304,Nick Gonzales,134,Pirates,2026-07-20,5,1,0,0,0,1,1,0,0,0,R,.309,.368,.404,.772,0,0,1
693304,Nick Gonzales,134,Pirates,2026-07-22,4,2,0,0,1,1,1,0,0,0,R,.311,.370,.414,.784,3,0,5
693304,Nick Gonzales,134,Pirates,2026-07-22,4,2,0,0,0,0,0,0,0,0,R,.313,.371,.415,.786,0,0,2
693304,Nick Gonzales,134,Pirates,2026-07-24,5,1,0,0,0,1,0,0,0,0,R,.312,.369,.412,.781,0,0,1
693304,Nick Gonzales,134,Pirates,2026-07-25,4,1,0,0,0,0,1,0,0,0,R,.311,.368,.410,.778,0,0,1
693304,Nick Gonzales,134,Pirates,2026-07-26,4,2,0,0,0,0,0,0,0,0,R,.313,.369,.411,.780,0,0,2
693304,Nick Gonzales,134,Pirates,2026-07-27,4,2,0,0,0,0,1,0,0,0,R,.315,.370,.412,.782,0,0,2
693304,Nick Gonzales,134,Pirates,2026-07-28,6,2,0,0,0,0,1,0,0,0,R,.315,.370,.411,.781,1,0,2
693304,Nick Gonzales,134,Pirates,2026-07-29,4,1,0,0,0,0,0,0,0,0,R,.315,.369,.409,.778,0,0,1
656811,Ryan O'Hearn,134,Pirates,2026-07-19,4,0,0,0,0,0,1,1,0,0,L,.278,.344,.472,.816,0,0,0
656811,Ryan O'Hearn,134,Pirates,2026-07-20,4,2,0,0,0,0,2,0,0,0,L,.281,.346,.472,.818,1,0,2
656811,Ryan O'Hearn,134,Pirates,2026-07-22,4,0,0,0,0,0,3,0,0,0,L,.278,.342,.466,.808,0,0,0
656811,Ryan O'Hearn,134,Pirates,2026-07-22,4,0,0,0,0,0,2,0,0,0,L,.274,.338,.460,.798,0,0,0
656811,Ryan O'Hearn,134,Pirates,2026-07-24,4,2,0,0,0,0,1,0,0,0,L,.277,.340,.461,.801,0,0,2
656811,Ryan O'Hearn,134,Pirates,2026-07-25,3,1,0,0,0,0,0,0,0,0,L,.278,.340,.460,.800,0,0,1
656811,Ryan O'Hearn,134,Pirates,2026-07-26,2,1,0,0,1,4,0,2,0,0,L,.279,.344,.469,.813,2,0,4
656811,Ryan O'Hearn,134,Pirates,2026-07-27,4,0,0,0,0,0,0,0,0,0,L,.276,.340,.463,.803,0,0,0
656811,Ryan O'Hearn,134,Pirates,2026-07-28,6,2,2,0,0,1,0,0,0,0,L,.277,.340,.467,.807,1,0,4
656811,Ryan O'Hearn,134,Pirates,2026-07-29,4,0,0,0,0,0,0,0,0,0,L,.274,.337,.462,.799,0,0,0
665487,Fernando Tatis Jr.,135,Padres,2026-07-19,5,2,0,0,1,4,0,0,0,0,R,.284,.347,.393,.740,3,1,5
665487,Fernando Tatis Jr.,135,Padres,2026-07-20,3,0,0,0,0,0,0,1,0,0,R,.282,.346,.390,.736,0,0,0
665487,Fernando Tatis Jr.,135,Padres,2026-07-21,5,3,1,0,1,3,1,0,0,0,R,.286,.349,.403,.752,2,0,7
665487,Fernando Tatis Jr.,135,Padres,2026-07-22,3,1,0,1,0,2,1,2,0,0,R,.286,.352,.408,.760,1,0,3
665487,Fernando Tatis Jr.,135,Padres,2026-07-23,4,1,0,0,0,1,1,1,0,0,R,.286,.353,.406,.759,0,0,1
665487,Fernando Tatis Jr.,135,Padres,2026-07-24,4,0,0,0,0,0,2,0,1,0,R,.283,.351,.402,.753,0,0,0
665487,Fernando Tatis Jr.,135,Padres,2026-07-25,4,0,0,0,0,0,0,1,0,0,R,.280,.349,.398,.747,1,0,0
665487,Fernando Tatis Jr.,135,Padres,2026-07-26,5,0,0,0,0,0,2,0,0,0,R,.277,.346,.393,.739,0,0,0
665487,Fernando Tatis Jr.,135,Padres,2026-07-28,5,5,0,0,0,2,0,0,0,0,R,.285,.353,.400,.753,1,0,5
665487,Fernando Tatis Jr.,135,Padres,2026-07-29,3,1,1,0,0,0,1,1,0,0,R,.286,.354,.402,.756,0,0,2
666023,Freddy Fermin,135,Padres,2026-07-02,2,1,1,0,0,0,0,0,0,0,R,.152,.252,.268,.520,0,0,2
666023,Freddy Fermin,135,Padres,2026-07-17,0,0,0,0,0,0,0,0,0,0,R,.152,.252,.268,.520,0,0,0
666023,Freddy Fermin,135,Padres,2026-07-18,3,1,1,0,0,0,0,0,0,0,R,.156,.253,.277,.530,0,0,2
666023,Freddy Fermin,135,Padres,2026-07-19,2,0,0,0,0,0,0,0,0,0,R,.154,.250,.273,.523,0,0,0
666023,Freddy Fermin,135,Padres,2026-07-20,2,1,0,0,0,0,1,0,0,0,R,.159,.253,.276,.529,0,0,1
666023,Freddy Fermin,135,Padres,2026-07-23,3,1,0,0,0,0,2,0,0,0,R,.162,.254,.277,.531,1,0,1
666023,Freddy Fermin,135,Padres,2026-07-24,0,0,0,0,0,0,0,0,0,0,R,.162,.254,.277,.531,0,0,0
666023,Freddy Fermin,135,Padres,2026-07-25,3,1,0,0,0,0,0,0,1,0,R,.166,.260,.278,.538,0,0,1
666023,Freddy Fermin,135,Padres,2026-07-28,1,0,0,0,0,0,0,0,0,0,R,.164,.259,.276,.535,0,0,0
666023,Freddy Fermin,135,Padres,2026-07-29,3,1,0,0,0,0,0,0,0,0,R,.168,.260,.277,.537,0,0,1
657757,Gavin Sheets,135,Padres,2026-07-19,1,1,0,0,0,0,0,0,0,0,L,.218,.317,.415,.732,1,0,1
657757,Gavin Sheets,135,Padres,2026-07-20,2,0,0,0,0,0,0,0,0,0,L,.216,.315,.412,.727,0,0,0
657757,Gavin Sheets,135,Padres,2026-07-21,2,0,0,0,0,0,1,2,0,0,L,.215,.318,.410,.728,1,0,0
657757,Gavin Sheets,135,Padres,2026-07-22,2,1,0,0,0,1,0,0,0,0,L,.217,.319,.410,.729,1,0,1
657757,Gavin Sheets,135,Padres,2026-07-23,4,1,0,0,0,0,1,0,0,0,L,.217,.318,.408,.726,1,0,1
657757,Gavin Sheets,135,Padres,2026-07-24,4,0,0,0,0,0,0,0,0,0,L,.215,.314,.403,.717,0,0,0
657757,Gavin Sheets,135,Padres,2026-07-25,2,0,0,0,0,1,0,0,0,1,L,.213,.311,.400,.711,0,0,0
657757,Gavin Sheets,135,Padres,2026-07-26,4,1,0,0,0,0,1,0,0,0,L,.214,.311,.398,.709,0,0,1
657757,Gavin Sheets,135,Padres,2026-07-28,1,1,0,0,0,0,0,2,0,0,L,.216,.317,.400,.717,2,0,1
657757,Gavin Sheets,135,Padres,2026-07-29,2,0,0,0,0,1,0,0,0,1,L,.215,.314,.397,.711,0,0,0
701538,Jackson Merrill,135,Padres,2026-07-19,6,4,0,0,2,4,2,0,0,0,L,.221,.277,.363,.640,2,1,10
701538,Jackson Merrill,135,Padres,2026-07-20,4,0,0,0,0,0,2,0,0,0,L,.219,.275,.359,.634,0,0,0
701538,Jackson Merrill,135,Padres,2026-07-21,4,2,0,0,1,1,0,1,0,0,L,.222,.278,.368,.646,1,0,5
701538,Jackson Merrill,135,Padres,2026-07-22,4,2,0,0,1,1,0,0,0,0,L,.225,.281,.377,.658,1,0,5
701538,Jackson Merrill,135,Padres,2026-07-23,1,0,0,0,0,0,0,0,0,0,L,.224,.280,.376,.656,0,0,0
701538,Jackson Merrill,135,Padres,2026-07-24,3,0,0,0,0,1,1,0,0,1,L,.223,.277,.373,.650,0,0,0
701538,Jackson Merrill,135,Padres,2026-07-25,4,3,2,0,0,0,0,0,0,0,L,.228,.282,.382,.664,2,0,5
701538,Jackson Merrill,135,Padres,2026-07-26,4,2,0,0,1,1,1,0,0,0,L,.231,.284,.391,.675,1,0,5
701538,Jackson Merrill,135,Padres,2026-07-28,5,3,0,0,0,1,1,0,0,0,L,.235,.287,.394,.681,1,1,3
701538,Jackson Merrill,135,Padres,2026-07-29,3,1,0,0,0,1,0,0,0,0,L,.236,.288,.393,.681,0,0,1
630105,Jake Cronenworth,135,Padres,2026-07-18,4,2,1,0,0,0,0,0,0,0,L,.199,.284,.285,.569,0,0,3
630105,Jake Cronenworth,135,Padres,2026-07-20,4,0,0,0,0,0,0,0,0,0,L,.194,.277,.277,.554,0,0,0
630105,Jake Cronenworth,135,Padres,2026-07-21,3,1,0,0,0,0,2,2,0,0,L,.196,.287,.278,.565,0,0,1
630105,Jake Cronenworth,135,Padres,2026-07-22,4,2,1,0,0,0,2,0,0,0,L,.204,.291,.290,.581,1,1,3
630105,Jake Cronenworth,135,Padres,2026-07-23,3,1,0,0,0,0,1,0,1,0,L,.206,.296,.291,.587,1,0,1
630105,Jake Cronenworth,135,Padres,2026-07-24,2,0,0,0,0,0,0,3,0,0,L,.204,.304,.287,.591,0,0,0
630105,Jake Cronenworth,135,Padres,2026-07-25,3,1,0,0,0,1,1,2,0,0,L,.206,.311,.288,.599,2,1,1
630105,Jake Cronenworth,135,Padres,2026-07-26,5,3,0,0,0,0,1,0,0,0,L,.217,.318,.297,.615,2,0,3
630105,Jake Cronenworth,135,Padres,2026-07-28,5,0,0,0,0,0,1,0,0,0,L,.211,.311,.289,.600,1,0,0
630105,Jake Cronenworth,135,Padres,2026-07-29,3,1,0,0,0,0,0,0,0,0,L,.213,.311,.290,.601,1,0,1
687749,Jase Bowen,135,Padres,2026-07-17,0,0,0,0,0,0,0,0,0,0,R,.119,.159,.143,.302,0,0,0
687749,Jase Bowen,135,Padres,2026-07-19,5,2,1,0,0,2,1,0,1,0,R,.149,.200,.191,.391,2,0,3
687749,Jase Bowen,135,Padres,2026-07-20,0,0,0,0,0,0,0,0,0,0,R,.149,.200,.191,.391,0,0,0
687749,Jase Bowen,135,Padres,2026-07-21,0,0,0,0,0,0,0,0,0,0,R,.149,.200,.191,.391,0,0,0
687749,Jase Bowen,135,Padres,2026-07-22,2,0,0,0,0,0,2,0,0,0,R,.143,.192,.184,.376,0,0,0
687749,Jase Bowen,135,Padres,2026-07-23,3,0,0,0,0,0,1,0,0,0,R,.135,.182,.173,.355,0,0,0
687749,Jase Bowen,135,Padres,2026-07-24,1,0,0,0,0,0,1,0,0,0,R,.132,.179,.170,.349,1,0,0
687749,Jase Bowen,135,Padres,2026-07-25,1,1,0,0,0,2,0,0,0,0,R,.148,.193,.185,.378,0,0,1
687749,Jase Bowen,135,Padres,2026-07-26,0,0,0,0,0,0,0,0,0,0,R,.148,.193,.185,.378,0,0,0
687749,Jase Bowen,135,Padres,2026-07-29,0,0,0,0,0,0,0,0,0,0,R,.148,.193,.185,.378,0,0,0
669134,Luis Campusano,135,Padres,2026-07-10,2,1,0,0,0,0,0,0,0,0,R,.318,.416,.606,1.022,1,0,1
669134,Luis Campusano,135,Padres,2026-07-11,4,0,0,0,0,0,3,0,0,0,R,.300,.395,.571,.966,0,0,0
669134,Luis Campusano,135,Padres,2026-07-17,2,0,0,0,0,0,0,1,0,0,R,.292,.393,.556,.949,0,0,0
669134,Luis Campusano,135,Padres,2026-07-19,2,1,0,0,0,1,0,1,0,0,R,.297,.402,.554,.956,1,0,1
669134,Luis Campusano,135,Padres,2026-07-20,0,0,0,0,0,0,0,1,0,0,R,.297,.409,.554,.963,0,0,0
669134,Luis Campusano,135,Padres,2026-07-21,5,1,0,0,0,0,2,0,0,0,R,.291,.398,.532,.930,0,0,1
669134,Luis Campusano,135,Padres,2026-07-22,2,0,0,0,0,0,0,1,0,0,R,.284,.396,.519,.915,0,0,0
669134,Luis Campusano,135,Padres,2026-07-24,2,0,0,0,0,0,2,1,0,0,R,.277,.394,.506,.900,0,0,0
669134,Luis Campusano,135,Padres,2026-07-26,4,1,0,0,0,1,1,0,0,0,R,.276,.388,.494,.882,0,0,1
669134,Luis Campusano,135,Padres,2026-07-28,4,2,1,0,0,1,0,0,0,0,R,.286,.393,.505,.898,0,0,3
650859,Luis Rengifo,135,Padres,2026-07-19,5,3,0,0,0,0,1,1,0,0,S,.214,.288,.260,.548,3,0,3
650859,Luis Rengifo,135,Padres,2026-07-20,2,2,0,0,0,0,0,0,0,0,S,.222,.295,.268,.563,0,0,2
650859,Luis Rengifo,135,Padres,2026-07-21,3,1,0,0,0,1,0,1,0,0,S,.223,.299,.269,.568,1,0,1
650859,Luis Rengifo,135,Padres,2026-07-22,5,1,0,0,1,2,1,0,0,0,S,.223,.296,.282,.578,1,0,4
650859,Luis Rengifo,135,Padres,2026-07-23,5,2,0,0,0,2,3,0,0,0,S,.227,.299,.285,.584,0,0,2
650859,Luis Rengifo,135,Padres,2026-07-24,1,1,0,0,1,2,0,0,0,0,S,.231,.302,.303,.605,1,0,4
650859,Luis Rengifo,135,Padres,2026-07-25,3,1,0,0,0,0,0,1,0,0,S,.232,.305,.303,.608,0,1,1
650859,Luis Rengifo,135,Padres,2026-07-26,4,2,1,0,0,0,0,0,0,0,S,.237,.308,.312,.620,1,0,3
650859,Luis Rengifo,135,Padres,2026-07-28,3,0,0,0,0,0,1,1,0,0,S,.234,.307,.307,.614,0,0,0
650859,Luis Rengifo,135,Padres,2026-07-29,3,0,0,0,0,1,0,0,0,0,S,.231,.304,.303,.607,0,0,0
592518,Manny Machado,135,Padres,2026-07-19,2,0,0,0,0,1,0,2,0,1,R,.198,.290,.407,.697,1,0,0
592518,Manny Machado,135,Padres,2026-07-20,4,2,0,0,1,1,0,0,0,0,R,.201,.292,.416,.708,1,0,5
592518,Manny Machado,135,Padres,2026-07-21,5,2,0,0,2,2,1,0,0,0,R,.204,.294,.433,.727,2,0,8
592518,Manny Machado,135,Padres,2026-07-22,4,0,0,0,0,0,2,1,0,0,R,.202,.293,.428,.721,0,0,0
592518,Manny Machado,135,Padres,2026-07-23,4,2,0,0,0,0,2,0,0,0,R,.205,.295,.429,.724,1,0,2
592518,Manny Machado,135,Padres,2026-07-24,5,2,0,0,0,1,1,0,0,0,R,.208,.296,.429,.725,1,0,2
592518,Manny Machado,135,Padres,2026-07-25,5,1,1,0,0,0,1,0,0,0,R,.207,.295,.428,.723,1,0,2
592518,Manny Machado,135,Padres,2026-07-26,5,2,1,0,1,3,0,0,0,0,R,.210,.296,.438,.734,1,0,6
592518,Manny Machado,135,Padres,2026-07-28,4,3,0,0,0,1,0,1,0,0,R,.216,.302,.442,.744,1,0,3
592518,Manny Machado,135,Padres,2026-07-29,4,1,0,0,0,0,1,0,0,0,R,.216,.301,.440,.741,1,0,1
660710,Rodolfo Durán,135,Padres,2026-06-28,1,0,0,0,0,0,1,0,0,0,R,.141,.236,.344,.580,0,0,0
660710,Rodolfo Durán,135,Padres,2026-07-01,4,0,0,0,0,0,0,0,0,0,R,.132,.224,.324,.548,0,0,0
660710,Rodolfo Durán,135,Padres,2026-07-02,2,0,0,0,0,0,1,0,0,0,R,.129,.218,.314,.532,0,0,0
660710,Rodolfo Durán,135,Padres,2026-07-03,3,1,0,0,0,0,1,0,0,0,R,.137,.222,.315,.537,0,0,1
660710,Rodolfo Durán,135,Padres,2026-07-04,0,0,0,0,0,0,0,0,0,0,R,.137,.222,.315,.537,0,0,0
660710,Rodolfo Durán,135,Padres,2026-07-06,3,0,0,0,0,0,3,0,0,0,R,.132,.214,.303,.517,0,0,0
660710,Rodolfo Durán,135,Padres,2026-07-10,2,2,0,0,0,0,0,0,0,0,R,.154,.233,.321,.554,0,0,2
660710,Rodolfo Durán,135,Padres,2026-07-12,4,0,0,0,0,0,1,0,0,0,R,.146,.222,.305,.527,0,0,0
660710,Rodolfo Durán,135,Padres,2026-07-20,0,0,0,0,0,0,0,0,0,0,R,.146,.222,.305,.527,0,0,0
660710,Rodolfo Durán,135,Padres,2026-07-26,0,0,0,0,0,0,0,0,0,0,R,.146,.222,.305,.527,0,0,0
823550,Sung-Mun Song,135,Padres,2026-07-11,3,1,0,0,0,2,0,1,0,0,L,.217,.316,.289,.605,1,1,1
823550,Sung-Mun Song,135,Padres,2026-07-12,2,0,0,0,0,1,0,1,0,0,L,.212,.316,.282,.598,0,0,0
823550,Sung-Mun Song,135,Padres,2026-07-17,0,0,0,0,0,0,0,0,0,0,L,.212,.316,.282,.598,1,0,0
823550,Sung-Mun Song,135,Padres,2026-07-19,3,3,1,0,0,2,0,0,0,0,L,.239,.337,.318,.655,2,0,4
823550,Sung-Mun Song,135,Padres,2026-07-20,3,0,0,0,0,0,1,0,0,0,L,.231,.327,.308,.635,0,0,0
823550,Sung-Mun Song,135,Padres,2026-07-22,1,0,0,0,0,0,0,0,0,0,L,.228,.324,.304,.628,0,0,0
823550,Sung-Mun Song,135,Padres,2026-07-23,1,0,0,0,0,0,1,0,0,0,L,.226,.321,.301,.622,0,0,0
823550,Sung-Mun Song,135,Padres,2026-07-24,2,0,0,0,0,0,1,1,0,0,L,.221,.321,.295,.616,0,0,0
823550,Sung-Mun Song,135,Padres,2026-07-26,4,0,0,0,0,0,2,0,0,0,L,.212,.310,.283,.593,0,0,0
823550,Sung-Mun Song,135,Padres,2026-07-28,0,0,0,0,0,0,0,1,0,0,L,.212,.316,.283,.599,0,0,0
664034,Ty France,135,Padres,2026-07-19,6,2,0,0,2,5,0,0,0,0,R,.275,.335,.537,.872,2,0,8
664034,Ty France,135,Padres,2026-07-20,4,2,0,0,1,1,1,0,0,0,R,.279,.337,.550,.887,1,0,5
664034,Ty France,135,Padres,2026-07-21,5,2,1,0,0,1,3,0,0,0,R,.282,.339,.551,.890,0,0,3
664034,Ty France,135,Padres,2026-07-22,5,0,0,0,0,0,2,0,0,0,R,.276,.332,.539,.871,0,0,0
664034,Ty France,135,Padres,2026-07-23,4,1,0,0,1,2,2,0,0,0,R,.275,.331,.547,.878,1,0,4
664034,Ty France,135,Padres,2026-07-24,4,2,1,0,0,0,0,0,0,0,R,.279,.333,.550,.883,0,0,3
664034,Ty France,135,Padres,2026-07-25,4,2,0,0,0,3,1,0,0,0,R,.283,.336,.549,.885,1,0,2
664034,Ty France,135,Padres,2026-07-26,4,2,0,0,0,0,0,0,0,0,R,.286,.338,.548,.886,0,0,2
664034,Ty France,135,Padres,2026-07-28,5,1,0,0,0,0,1,0,0,0,R,.285,.336,.542,.878,1,0,1
664034,Ty France,135,Padres,2026-07-29,3,1,0,0,0,0,0,0,1,0,R,.285,.338,.539,.877,1,0,1
593428,Xander Bogaerts,135,Padres,2026-07-18,3,0,0,0,0,0,2,1,0,0,R,.222,.315,.327,.642,0,0,0
593428,Xander Bogaerts,135,Padres,2026-07-19,4,1,1,0,0,0,0,1,0,0,R,.223,.316,.329,.645,1,0,2
593428,Xander Bogaerts,135,Padres,2026-07-20,4,0,0,0,0,0,0,0,0,0,R,.220,.312,.325,.637,0,0,0
593428,Xander Bogaerts,135,Padres,2026-07-21,4,1,1,0,0,0,1,0,0,0,R,.220,.312,.327,.639,1,0,2
593428,Xander Bogaerts,135,Padres,2026-07-22,2,1,0,0,0,0,0,2,0,0,R,.222,.316,.328,.644,1,1,1
593428,Xander Bogaerts,135,Padres,2026-07-23,4,0,0,0,0,0,1,0,0,0,R,.219,.313,.325,.638,0,0,0
593428,Xander Bogaerts,135,Padres,2026-07-24,2,0,0,0,0,0,0,2,0,0,R,.218,.315,.323,.638,1,1,0
593428,Xander Bogaerts,135,Padres,2026-07-25,4,1,0,0,0,0,0,0,0,0,R,.218,.314,.322,.636,0,0,1
593428,Xander Bogaerts,135,Padres,2026-07-28,3,1,0,0,0,1,1,1,0,1,R,.219,.315,.322,.637,1,0,1
593428,Xander Bogaerts,135,Padres,2026-07-29,3,0,0,0,0,0,1,0,0,0,R,.218,.313,.319,.632,0,0,0
663728,Cal Raleigh,136,Mariners,2026-07-18,3,0,0,0,0,0,1,0,1,0,S,.165,.271,.302,.573,0,0,0
663728,Cal Raleigh,136,Mariners,2026-07-19,4,0,0,0,0,0,1,0,0,0,S,.163,.267,.298,.565,0,0,0
663728,Cal Raleigh,136,Mariners,2026-07-20,5,1,0,0,1,5,2,0,0,0,S,.163,.266,.307,.573,1,0,4
663728,Cal Raleigh,136,Mariners,2026-07-21,2,0,0,0,0,0,1,2,0,0,S,.162,.269,.305,.574,0,0,0
663728,Cal Raleigh,136,Mariners,2026-07-22,4,1,0,0,0,1,1,0,0,0,S,.163,.269,.304,.573,0,0,1
663728,Cal Raleigh,136,Mariners,2026-07-24,4,1,0,0,0,0,1,0,0,0,S,.165,.269,.303,.572,0,0,1
663728,Cal Raleigh,136,Mariners,2026-07-25,3,0,0,0,0,0,1,0,0,0,S,.163,.266,.300,.566,0,0,0
663728,Cal Raleigh,136,Mariners,2026-07-26,3,1,0,0,0,0,2,0,1,0,S,.165,.269,.300,.569,0,0,1
663728,Cal Raleigh,136,Mariners,2026-07-28,4,1,0,0,1,1,3,0,0,0,S,.166,.269,.310,.579,1,0,4
663728,Cal Raleigh,136,Mariners,2026-07-29,3,0,0,0,0,0,1,1,0,0,S,.164,.269,.307,.576,0,0,0
702284,Cole Young,136,Mariners,2026-07-19,4,3,0,0,1,2,1,0,0,0,L,.259,.317,.412,.729,2,0,6
702284,Cole Young,136,Mariners,2026-07-20,3,0,0,0,0,0,0,1,0,0,L,.257,.317,.409,.726,0,0,0
702284,Cole Young,136,Mariners,2026-07-21,5,0,0,0,0,0,0,0,0,0,L,.253,.313,.403,.716,0,0,0
702284,Cole Young,136,Mariners,2026-07-22,4,0,0,0,0,0,2,0,0,0,L,.251,.310,.399,.709,0,0,0
702284,Cole Young,136,Mariners,2026-07-24,4,3,0,0,0,0,0,0,0,0,L,.256,.314,.403,.717,0,0,3
702284,Cole Young,136,Mariners,2026-07-25,4,0,0,0,0,0,0,0,0,0,L,.253,.311,.398,.709,0,0,0
702284,Cole Young,136,Mariners,2026-07-26,5,2,0,1,0,0,0,0,0,0,L,.255,.312,.404,.716,2,0,4
702284,Cole Young,136,Mariners,2026-07-27,3,1,0,0,0,0,0,1,0,0,L,.256,.314,.403,.717,0,0,1
702284,Cole Young,136,Mariners,2026-07-28,4,1,0,0,0,0,0,0,1,0,L,.256,.315,.402,.717,0,0,1
702284,Cole Young,136,Mariners,2026-07-29,3,2,0,0,0,1,1,1,0,0,L,.259,.319,.404,.723,0,0,2
806068,Colt Emerson,136,Mariners,2026-07-18,3,0,0,0,0,0,1,0,0,0,L,.193,.265,.380,.645,0,0,0
806068,Colt Emerson,136,Mariners,2026-07-19,4,1,0,0,0,0,1,0,0,0,L,.195,.265,.377,.642,0,0,1
806068,Colt Emerson,136,Mariners,2026-07-20,3,1,0,0,0,1,1,0,0,1,L,.197,.264,.376,.640,1,0,1
806068,Colt Emerson,136,Mariners,2026-07-21,4,0,0,0,0,0,2,0,0,0,L,.193,.258,.366,.624,0,0,0
806068,Colt Emerson,136,Mariners,2026-07-22,3,0,0,0,0,0,0,0,0,0,L,.189,.254,.360,.614,0,0,0
806068,Colt Emerson,136,Mariners,2026-07-24,3,2,1,0,0,0,1,1,0,0,L,.198,.265,.371,.636,2,0,3
806068,Colt Emerson,136,Mariners,2026-07-25,3,1,0,0,0,0,1,0,0,0,L,.200,.266,.371,.637,0,0,1
806068,Colt Emerson,136,Mariners,2026-07-26,4,1,0,0,0,0,0,0,0,0,L,.201,.266,.368,.634,1,0,1
806068,Colt Emerson,136,Mariners,2026-07-27,4,1,0,0,0,0,1,0,0,0,L,.202,.265,.365,.630,1,0,1
806068,Colt Emerson,136,Mariners,2026-07-29,2,0,0,0,0,0,1,0,0,0,L,.200,.263,.361,.624,0,0,0
686527,Dominic Canzone,136,Mariners,2026-07-18,4,1,0,0,0,0,1,0,0,0,L,.261,.332,.517,.849,0,0,1
686527,Dominic Canzone,136,Mariners,2026-07-20,4,1,0,0,0,0,1,1,0,0,L,.261,.333,.513,.846,1,0,1
686527,Dominic Canzone,136,Mariners,2026-07-21,3,0,0,0,0,0,1,2,0,0,L,.257,.335,.506,.841,0,0,0
686527,Dominic Canzone,136,Mariners,2026-07-22,4,1,0,0,0,0,2,0,0,0,L,.257,.333,.502,.835,0,0,1
686527,Dominic Canzone,136,Mariners,2026-07-24,4,1,1,0,0,2,1,0,0,0,L,.257,.332,.502,.834,0,0,2
686527,Dominic Canzone,136,Mariners,2026-07-25,4,0,0,0,0,0,1,0,0,0,L,.253,.327,.494,.821,0,0,0
686527,Dominic Canzone,136,Mariners,2026-07-26,5,3,1,0,1,4,0,0,0,0,L,.260,.332,.512,.844,1,0,7
686527,Dominic Canzone,136,Mariners,2026-07-27,4,1,0,0,0,0,1,0,0,0,L,.260,.331,.508,.839,0,0,1
686527,Dominic Canzone,136,Mariners,2026-07-28,4,2,0,0,2,3,0,0,0,0,L,.263,.333,.530,.863,2,0,8
686527,Dominic Canzone,136,Mariners,2026-07-29,3,1,1,0,0,0,0,0,1,0,L,.264,.336,.532,.868,1,0,2
641487,J.P. Crawford,136,Mariners,2026-07-11,4,0,0,0,0,0,1,0,0,0,L,.211,.327,.346,.673,0,0,0
641487,J.P. Crawford,136,Mariners,2026-07-12,4,3,2,0,0,3,0,1,0,0,L,.218,.334,.359,.693,1,0,5
641487,J.P. Crawford,136,Mariners,2026-07-17,3,0,0,0,0,0,1,1,0,0,L,.216,.333,.355,.688,0,0,0
641487,J.P. Crawford,136,Mariners,2026-07-18,3,0,0,0,0,0,0,2,0,0,L,.214,.334,.352,.686,0,0,0
641487,J.P. Crawford,136,Mariners,2026-07-19,3,1,0,0,0,0,0,2,0,0,L,.215,.338,.352,.690,0,0,1
641487,J.P. Crawford,136,Mariners,2026-07-25,3,2,1,0,0,1,1,0,0,0,L,.220,.341,.358,.699,0,0,3
641487,J.P. Crawford,136,Mariners,2026-07-26,4,0,0,0,0,0,1,0,0,0,L,.217,.337,.353,.690,0,0,0
641487,J.P. Crawford,136,Mariners,2026-07-27,3,0,0,0,0,1,0,0,0,1,L,.215,.333,.350,.683,0,0,0
641487,J.P. Crawford,136,Mariners,2026-07-28,4,0,0,0,0,0,2,0,0,0,L,.212,.330,.345,.675,0,0,0
641487,J.P. Crawford,136,Mariners,2026-07-29,0,0,0,0,0,0,0,0,0,0,L,.212,.330,.345,.675,0,0,0
647304,Josh Naylor,136,Mariners,2026-07-19,4,2,0,0,0,1,0,0,0,0,L,.253,.318,.353,.671,1,1,2
647304,Josh Naylor,136,Mariners,2026-07-20,5,1,0,0,0,0,0,0,0,0,L,.253,.317,.351,.668,0,0,1
647304,Josh Naylor,136,Mariners,2026-07-21,4,3,0,0,0,0,0,0,0,0,L,.258,.321,.355,.676,0,1,3
647304,Josh Naylor,136,Mariners,2026-07-22,4,2,1,0,0,0,1,0,0,0,L,.261,.323,.359,.682,2,1,3
647304,Josh Naylor,136,Mariners,2026-07-24,3,0,0,0,0,0,0,1,0,0,L,.259,.322,.356,.678,1,0,0
647304,Josh Naylor,136,Mariners,2026-07-25,3,0,0,0,0,0,1,1,0,0,L,.257,.321,.353,.674,0,0,0
647304,Josh Naylor,136,Mariners,2026-07-26,5,2,0,0,0,0,1,0,0,0,L,.258,.322,.354,.676,0,0,2
647304,Josh Naylor,136,Mariners,2026-07-27,4,1,1,0,0,0,1,0,0,0,L,.258,.322,.355,.677,1,0,2
647304,Josh Naylor,136,Mariners,2026-07-28,4,2,0,0,0,0,1,0,0,0,L,.261,.323,.357,.680,1,0,2
647304,Josh Naylor,136,Mariners,2026-07-29,4,1,1,0,0,1,0,0,0,0,L,.261,.323,.358,.681,0,0,2
677594,Julio Rodríguez,136,Mariners,2026-07-19,4,1,0,0,0,0,1,1,0,0,R,.256,.320,.418,.738,1,0,1
677594,Julio Rodríguez,136,Mariners,2026-07-20,3,1,0,0,0,1,1,0,0,0,R,.256,.320,.417,.737,0,0,1
677594,Julio Rodríguez,136,Mariners,2026-07-21,2,1,0,0,1,1,0,0,0,0,R,.258,.321,.426,.747,1,0,4
677594,Julio Rodríguez,136,Mariners,2026-07-22,4,1,1,0,0,0,0,0,0,0,R,.258,.320,.427,.747,0,0,2
677594,Julio Rodríguez,136,Mariners,2026-07-24,5,1,0,0,0,0,0,0,0,0,R,.257,.318,.423,.741,0,0,1
677594,Julio Rodríguez,136,Mariners,2026-07-25,4,0,0,0,0,0,2,0,0,0,R,.254,.315,.419,.734,0,0,0
677594,Julio Rodríguez,136,Mariners,2026-07-26,4,1,0,0,0,1,0,0,1,0,R,.254,.316,.417,.733,1,0,1
677594,Julio Rodríguez,136,Mariners,2026-07-27,3,1,0,0,0,1,0,0,0,1,R,.255,.316,.416,.732,0,0,1
677594,Julio Rodríguez,136,Mariners,2026-07-28,4,2,0,0,1,1,0,0,0,0,R,.257,.317,.425,.742,2,1,5
677594,Julio Rodríguez,136,Mariners,2026-07-29,4,0,0,0,0,0,0,0,0,0,R,.255,.314,.421,.735,0,0,0
670042,Luke Raley,136,Mariners,2026-07-19,2,1,0,0,1,1,0,0,0,0,L,.230,.287,.459,.746,1,0,4
670042,Luke Raley,136,Mariners,2026-07-20,2,1,0,0,0,0,1,0,0,0,L,.232,.288,.459,.747,1,0,1
670042,Luke Raley,136,Mariners,2026-07-21,2,0,0,0,0,0,2,0,0,0,L,.230,.286,.456,.742,0,0,0
670042,Luke Raley,136,Mariners,2026-07-22,4,1,0,0,0,2,0,0,0,0,L,.230,.286,.452,.738,0,0,1
670042,Luke Raley,136,Mariners,2026-07-24,1,0,0,0,0,0,1,0,0,0,L,.229,.285,.451,.736,0,0,0
670042,Luke Raley,136,Mariners,2026-07-25,2,1,0,0,0,0,1,0,0,0,L,.231,.286,.451,.737,1,0,1
670042,Luke Raley,136,Mariners,2026-07-26,2,0,0,0,0,0,2,0,0,0,L,.230,.284,.447,.731,0,0,0
670042,Luke Raley,136,Mariners,2026-07-27,2,0,0,0,0,0,1,2,0,0,L,.228,.287,.444,.731,0,0,0
670042,Luke Raley,136,Mariners,2026-07-28,0,0,0,0,0,0,0,0,0,0,L,.228,.287,.444,.731,0,0,0
670042,Luke Raley,136,Mariners,2026-07-29,1,0,0,0,0,0,0,0,0,0,L,.227,.286,.442,.728,0,0,0
641598,Mitch Garver,136,Mariners,2026-06-28,3,1,0,0,0,1,2,1,0,0,R,.190,.325,.300,.625,0,0,1
641598,Mitch Garver,136,Mariners,2026-07-05,3,1,0,0,1,2,1,0,0,0,R,.194,.325,.330,.655,1,0,4
641598,Mitch Garver,136,Mariners,2026-07-07,1,0,0,0,0,0,0,0,0,0,R,.192,.323,.327,.650,0,0,0
641598,Mitch Garver,136,Mariners,2026-07-11,1,0,0,0,0,0,1,0,0,0,R,.190,.320,.324,.644,0,0,0
641598,Mitch Garver,136,Mariners,2026-07-12,4,0,0,0,0,0,1,1,0,0,R,.183,.315,.312,.627,1,0,0
641598,Mitch Garver,136,Mariners,2026-07-18,1,0,0,0,0,0,1,0,0,0,R,.182,.313,.309,.622,0,0,0
641598,Mitch Garver,136,Mariners,2026-07-19,4,1,1,0,0,0,1,0,0,0,R,.184,.311,.316,.627,0,0,2
641598,Mitch Garver,136,Mariners,2026-07-24,4,0,0,0,0,0,2,0,0,0,R,.178,.302,.305,.607,0,0,0
641598,Mitch Garver,136,Mariners,2026-07-27,4,1,0,0,0,0,3,0,0,0,R,.180,.301,.303,.604,0,1,1
641598,Mitch Garver,136,Mariners,2026-07-29,1,0,0,0,0,0,0,0,0,0,R,.179,.299,.301,.600,0,0,0
668227,Randy Arozarena,136,Mariners,2026-07-19,4,1,0,0,0,0,1,0,0,0,R,.281,.376,.448,.824,1,0,1
668227,Randy Arozarena,136,Mariners,2026-07-20,3,2,0,0,0,0,0,1,1,0,R,.284,.381,.450,.831,1,0,2
668227,Randy Arozarena,136,Mariners,2026-07-21,3,0,0,0,0,0,1,2,0,0,R,.282,.382,.446,.828,0,0,0
668227,Randy Arozarena,136,Mariners,2026-07-22,4,1,0,0,0,0,0,0,0,0,R,.281,.380,.443,.823,1,0,1
668227,Randy Arozarena,136,Mariners,2026-07-24,5,1,0,0,0,0,1,0,0,0,R,.280,.378,.440,.818,1,0,1
668227,Randy Arozarena,136,Mariners,2026-07-25,4,1,0,0,0,0,1,0,0,0,R,.280,.377,.438,.815,0,0,1
668227,Randy Arozarena,136,Mariners,2026-07-26,5,3,0,0,1,1,0,0,0,0,R,.284,.379,.448,.827,1,0,6
668227,Randy Arozarena,136,Mariners,2026-07-27,4,1,0,0,1,1,2,0,0,0,R,.284,.378,.455,.833,1,0,4
668227,Randy Arozarena,136,Mariners,2026-07-28,4,0,0,0,0,0,1,0,0,0,R,.281,.375,.450,.825,0,0,0
668227,Randy Arozarena,136,Mariners,2026-07-29,4,0,0,0,0,0,1,0,0,0,R,.278,.371,.445,.816,0,1,0
608701,Rob Refsnyder,136,Mariners,2026-06-13,1,1,0,0,0,0,0,0,0,0,R,.148,.212,.250,.462,0,0,1
608701,Rob Refsnyder,136,Mariners,2026-06-16,2,0,0,0,0,0,1,1,0,0,R,.144,.216,.244,.460,0,0,0
608701,Rob Refsnyder,136,Mariners,2026-06-17,1,0,0,0,0,0,0,0,0,0,R,.143,.214,.242,.456,0,0,0
608701,Rob Refsnyder,136,Mariners,2026-06-19,4,0,0,0,0,0,1,0,0,0,R,.137,.206,.232,.438,0,0,0
608701,Rob Refsnyder,136,Mariners,2026-06-20,3,0,0,0,0,0,0,0,1,0,R,.133,.207,.224,.431,0,0,0
608701,Rob Refsnyder,136,Mariners,2026-06-21,3,1,0,0,0,0,0,0,0,0,R,.139,.211,.228,.439,0,0,1
608701,Rob Refsnyder,136,Mariners,2026-06-25,1,0,0,0,0,0,0,0,0,0,R,.137,.209,.225,.434,0,0,0
608701,Rob Refsnyder,136,Mariners,2026-06-26,3,0,0,0,0,0,1,0,0,0,R,.133,.203,.219,.422,0,0,0
608701,Rob Refsnyder,136,Mariners,2026-07-28,4,2,1,0,1,2,2,0,0,0,R,.147,.213,.266,.479,1,0,6
608701,Rob Refsnyder,136,Mariners,2026-07-29,3,0,0,0,0,0,1,0,0,0,R,.143,.208,.259,.467,0,0,0
645302,Victor Robles,136,Mariners,2026-07-11,2,1,1,0,0,0,0,0,0,0,R,.223,.277,.255,.532,0,0,2
645302,Victor Robles,136,Mariners,2026-07-12,3,0,0,0,0,1,1,0,0,1,R,.216,.267,.247,.514,0,0,0
645302,Victor Robles,136,Mariners,2026-07-17,3,0,0,0,0,0,1,0,0,0,R,.210,.259,.240,.499,0,0,0
645302,Victor Robles,136,Mariners,2026-07-18,0,0,0,0,0,0,0,0,0,0,R,.210,.259,.240,.499,1,0,0
645302,Victor Robles,136,Mariners,2026-07-19,0,0,0,0,0,0,0,0,0,0,R,.210,.259,.240,.499,0,0,0
645302,Victor Robles,136,Mariners,2026-07-20,4,4,0,0,0,0,0,0,0,0,R,.240,.286,.269,.555,2,1,4
645302,Victor Robles,136,Mariners,2026-07-21,4,1,0,0,0,0,0,0,0,0,R,.241,.284,.269,.553,0,0,1
645302,Victor Robles,136,Mariners,2026-07-25,0,0,0,0,0,0,0,0,0,0,R,.241,.284,.269,.553,0,0,0
645302,Victor Robles,136,Mariners,2026-07-26,1,1,0,0,0,0,0,0,0,0,R,.248,.291,.275,.566,0,0,1
645302,Victor Robles,136,Mariners,2026-07-28,0,0,0,0,0,0,0,0,0,0,R,.248,.291,.275,.566,0,0,0
642215,Weston Wilson,136,Mariners,2026-07-12,4,1,0,0,1,1,2,0,0,0,R,.211,.297,.333,.630,1,0,4
642215,Weston Wilson,136,Mariners,2026-07-19,2,1,0,0,0,1,1,0,0,0,R,.220,.303,.339,.642,0,0,1
642215,Weston Wilson,136,Mariners,2026-07-20,2,1,1,0,0,1,0,0,0,0,R,.230,.309,.361,.670,1,0,2
642215,Weston Wilson,136,Mariners,2026-07-21,4,1,0,0,1,1,2,0,0,0,R,.231,.306,.400,.706,1,0,4
642215,Weston Wilson,136,Mariners,2026-07-22,2,0,0,0,0,0,0,1,0,0,R,.224,.307,.388,.695,0,0,0
642215,Weston Wilson,136,Mariners,2026-07-24,2,1,0,0,0,1,1,0,0,0,R,.232,.312,.391,.703,0,0,1
642215,Weston Wilson,136,Mariners,2026-07-25,1,0,0,0,0,0,0,0,0,0,R,.229,.308,.386,.694,0,0,0
642215,Weston Wilson,136,Mariners,2026-07-26,1,0,0,0,0,0,1,0,0,0,R,.225,.304,.380,.684,0,0,0
642215,Weston Wilson,136,Mariners,2026-07-28,4,0,0,0,0,0,2,0,0,0,R,.213,.289,.360,.649,0,0,0
642215,Weston Wilson,136,Mariners,2026-07-29,3,1,1,0,0,0,0,0,0,0,R,.218,.291,.372,.663,1,0,2
805811,Bryce Eldridge,137,Giants,2026-07-19,3,1,0,0,1,1,2,1,0,0,L,.275,.368,.490,.858,1,1,4
805811,Bryce Eldridge,137,Giants,2026-07-20,3,0,0,0,0,0,3,1,0,0,L,.271,.366,.483,.849,0,0,0
805811,Bryce Eldridge,137,Giants,2026-07-21,4,1,0,0,0,0,2,0,0,0,L,.271,.364,.478,.842,0,0,1
805811,Bryce Eldridge,137,Giants,2026-07-22,4,0,0,0,0,0,1,0,0,0,L,.265,.358,.469,.827,0,0,0
805811,Bryce Eldridge,137,Giants,2026-07-24,3,1,1,0,0,0,0,2,0,0,L,.266,.363,.472,.835,2,0,2
805811,Bryce Eldridge,137,Giants,2026-07-25,3,0,0,0,0,0,2,1,0,0,L,.263,.361,.465,.826,0,0,0
805811,Bryce Eldridge,137,Giants,2026-07-26,3,0,0,0,0,0,2,1,0,0,L,.259,.359,.459,.818,0,0,0
805811,Bryce Eldridge,137,Giants,2026-07-27,3,0,0,0,0,0,1,1,0,0,L,.256,.358,.453,.811,0,0,0
805811,Bryce Eldridge,137,Giants,2026-07-28,4,1,0,0,1,2,2,0,0,0,L,.256,.356,.463,.819,1,0,4
805811,Bryce Eldridge,137,Giants,2026-07-29,5,0,0,0,0,1,1,1,0,0,L,.250,.352,.453,.805,2,0,0
683766,Christian Koss,137,Giants,2026-05-09,0,0,0,0,0,0,0,0,1,0,R,.077,.143,.154,.297,0,0,0
683766,Christian Koss,137,Giants,2026-05-10,1,0,0,0,0,0,0,0,0,0,R,.071,.133,.143,.276,1,0,0
683766,Christian Koss,137,Giants,2026-07-01,4,1,0,0,0,0,0,0,0,0,R,.111,.158,.167,.325,0,0,1
683766,Christian Koss,137,Giants,2026-07-03,1,0,0,0,0,0,0,0,0,0,R,.105,.150,.158,.308,0,0,0
683766,Christian Koss,137,Giants,2026-07-18,0,0,0,0,0,0,0,0,0,0,R,.105,.150,.158,.308,0,0,0
683766,Christian Koss,137,Giants,2026-07-21,2,1,0,0,0,0,0,1,0,0,R,.143,.217,.190,.407,0,0,1
683766,Christian Koss,137,Giants,2026-07-25,0,0,0,0,0,0,0,0,0,0,R,.143,.217,.190,.407,0,0,0
683766,Christian Koss,137,Giants,2026-07-27,2,0,0,0,0,0,1,1,0,0,R,.130,.231,.174,.405,0,1,0
683766,Christian Koss,137,Giants,2026-07-28,3,0,0,0,0,0,2,0,0,0,R,.115,.207,.154,.361,0,0,0
683766,Christian Koss,137,Giants,2026-07-29,5,2,0,0,0,1,0,0,0,0,R,.161,.235,.194,.429,3,0,2
691740,Daniel Susac,137,Giants,2026-06-24,0,0,0,0,0,0,0,0,0,0,R,.267,.315,.337,.652,0,0,0
691740,Daniel Susac,137,Giants,2026-06-25,2,0,0,0,0,0,1,0,0,0,R,.262,.310,.330,.640,0,0,0
691740,Daniel Susac,137,Giants,2026-07-18,4,0,0,0,0,0,3,0,0,0,R,.252,.299,.318,.617,0,0,0
691740,Daniel Susac,137,Giants,2026-07-20,3,2,1,0,0,0,0,0,0,0,R,.264,.308,.336,.644,0,1,3
691740,Daniel Susac,137,Giants,2026-07-22,1,0,0,0,0,0,0,0,0,0,R,.261,.306,.333,.639,0,0,0
691740,Daniel Susac,137,Giants,2026-07-24,2,0,0,0,0,1,0,0,0,1,R,.257,.298,.327,.625,0,0,0
691740,Daniel Susac,137,Giants,2026-07-25,3,0,0,0,0,0,0,0,1,0,R,.250,.297,.319,.616,1,0,0
691740,Daniel Susac,137,Giants,2026-07-26,1,0,0,0,0,0,0,0,0,0,R,.248,.295,.316,.611,0,0,0
691740,Daniel Susac,137,Giants,2026-07-27,0,0,0,0,0,0,0,0,0,0,R,.248,.295,.316,.611,0,0,0
691740,Daniel Susac,137,Giants,2026-07-29,4,2,0,0,2,4,0,1,0,0,R,.256,.306,.372,.678,3,0,8
701852,Drew Cavanaugh,137,Giants,2026-07-12,2,0,0,0,0,0,1,2,0,0,L,.219,.324,.219,.543,0,0,0
701852,Drew Cavanaugh,137,Giants,2026-07-17,2,2,0,0,0,0,0,2,0,0,L,.265,.390,.265,.655,1,0,2
701852,Drew Cavanaugh,137,Giants,2026-07-18,0,0,0,0,0,0,0,0,0,0,L,.265,.390,.265,.655,0,0,0
701852,Drew Cavanaugh,137,Giants,2026-07-19,3,0,0,0,0,0,3,0,0,0,L,.243,.364,.243,.607,0,0,0
701852,Drew Cavanaugh,137,Giants,2026-07-22,1,0,0,0,0,0,0,0,0,0,L,.237,.356,.237,.593,0,0,0
701852,Drew Cavanaugh,137,Giants,2026-07-24,1,0,0,0,0,0,1,0,0,0,L,.231,.348,.231,.579,0,0,0
701852,Drew Cavanaugh,137,Giants,2026-07-25,1,0,0,0,0,0,0,0,0,0,L,.225,.340,.225,.565,0,0,0
701852,Drew Cavanaugh,137,Giants,2026-07-26,2,2,0,0,0,0,0,2,0,0,L,.262,.392,.262,.654,1,0,2
701852,Drew Cavanaugh,137,Giants,2026-07-28,3,0,0,0,0,0,0,1,0,0,L,.244,.382,.244,.626,0,0,0
701852,Drew Cavanaugh,137,Giants,2026-07-29,1,1,0,0,0,1,0,0,0,0,L,.261,.393,.261,.654,0,0,1
687551,Drew Gilbert,137,Giants,2026-07-17,4,0,0,0,0,0,0,0,1,0,L,.232,.315,.366,.681,0,0,0
687551,Drew Gilbert,137,Giants,2026-07-18,4,1,0,0,0,0,0,0,0,0,L,.232,.314,.364,.678,1,0,1
687551,Drew Gilbert,137,Giants,2026-07-20,4,0,0,0,0,0,0,0,0,0,L,.228,.308,.356,.664,0,0,0
687551,Drew Gilbert,137,Giants,2026-07-21,4,1,0,0,0,1,2,0,0,0,L,.228,.307,.354,.661,1,0,1
687551,Drew Gilbert,137,Giants,2026-07-22,2,0,0,0,0,0,0,0,1,0,L,.226,.308,.351,.659,0,0,0
687551,Drew Gilbert,137,Giants,2026-07-24,2,2,0,0,0,0,0,1,0,0,L,.233,.316,.357,.673,0,0,2
687551,Drew Gilbert,137,Giants,2026-07-25,3,1,0,0,0,0,1,1,0,0,L,.235,.320,.357,.677,1,0,1
687551,Drew Gilbert,137,Giants,2026-07-26,2,0,0,0,0,0,1,0,0,0,L,.233,.317,.353,.670,0,0,0
687551,Drew Gilbert,137,Giants,2026-07-27,3,1,0,0,0,0,0,0,0,0,L,.234,.317,.353,.670,0,0,1
687551,Drew Gilbert,137,Giants,2026-07-29,1,1,0,0,0,0,0,1,0,0,L,.237,.323,.356,.679,1,0,1
687529,Grant McCray,137,Giants,2026-07-12,0,0,0,0,0,0,0,0,0,0,L,.000,.000,.000,.000,1,1,0
687529,Grant McCray,137,Giants,2026-07-18,0,0,0,0,0,0,0,0,0,0,L,.000,.000,.000,.000,0,0,0
687529,Grant McCray,137,Giants,2026-07-19,2,0,0,0,0,0,2,0,0,0,L,.000,.000,.000,.000,0,0,0
687529,Grant McCray,137,Giants,2026-07-21,0,0,0,0,0,0,0,0,0,0,L,.000,.000,.000,.000,0,0,0
687529,Grant McCray,137,Giants,2026-07-24,0,0,0,0,0,0,0,1,0,0,L,.000,.250,.000,.250,1,1,0
687529,Grant McCray,137,Giants,2026-07-25,0,0,0,0,0,0,0,0,0,0,L,.000,.250,.000,.250,0,0,0
687529,Grant McCray,137,Giants,2026-07-26,2,0,0,0,0,0,1,0,0,0,L,.000,.167,.000,.167,0,0,0
687529,Grant McCray,137,Giants,2026-07-27,3,1,0,0,1,2,0,0,0,0,L,.125,.222,.500,.722,1,0,4
687529,Grant McCray,137,Giants,2026-07-28,3,1,0,0,0,0,1,1,0,0,L,.182,.308,.455,.763,0,0,1
687529,Grant McCray,137,Giants,2026-07-29,2,0,0,0,0,0,1,0,0,0,L,.154,.267,.385,.652,0,0,0
671218,Heliot Ramos,137,Giants,2026-07-19,4,1,0,0,0,1,2,0,0,0,R,.277,.310,.460,.770,0,0,1
671218,Heliot Ramos,137,Giants,2026-07-20,4,1,0,0,1,1,2,0,0,0,R,.276,.310,.469,.779,1,0,4
671218,Heliot Ramos,137,Giants,2026-07-21,3,0,0,0,0,1,0,0,1,0,R,.273,.309,.463,.772,0,0,0
671218,Heliot Ramos,137,Giants,2026-07-22,4,0,0,0,0,0,2,0,0,0,R,.268,.304,.455,.759,0,0,0
671218,Heliot Ramos,137,Giants,2026-07-24,5,0,0,0,0,0,2,0,0,0,R,.263,.298,.446,.744,0,0,0
671218,Heliot Ramos,137,Giants,2026-07-25,5,1,0,0,0,0,1,0,0,0,R,.262,.296,.441,.737,1,0,1
671218,Heliot Ramos,137,Giants,2026-07-26,4,1,0,0,0,0,2,1,0,0,R,.262,.298,.438,.736,0,0,1
671218,Heliot Ramos,137,Giants,2026-07-27,4,0,0,0,0,0,1,0,0,0,R,.258,.294,.432,.726,0,1,0
671218,Heliot Ramos,137,Giants,2026-07-28,4,1,0,0,0,0,0,0,0,0,R,.257,.293,.429,.722,0,0,1
671218,Heliot Ramos,137,Giants,2026-07-29,5,4,0,0,0,3,0,1,0,0,R,.267,.304,.436,.740,1,1,4
683679,Jesus Rodriguez,137,Giants,2026-05-24,2,1,0,0,0,0,1,0,0,0,R,.229,.308,.314,.622,0,0,1
683679,Jesus Rodriguez,137,Giants,2026-05-26,3,0,0,0,0,0,0,0,0,0,R,.211,.286,.289,.575,0,0,0
683679,Jesus Rodriguez,137,Giants,2026-05-31,1,1,0,0,1,2,0,0,0,0,R,.231,.302,.385,.687,1,0,4
683679,Jesus Rodriguez,137,Giants,2026-07-11,3,1,1,0,0,1,0,0,0,0,R,.238,.304,.405,.709,0,0,2
683679,Jesus Rodriguez,137,Giants,2026-07-21,3,1,1,0,0,0,1,0,0,0,R,.244,.306,.422,.728,1,0,2
683679,Jesus Rodriguez,137,Giants,2026-07-24,0,0,0,0,0,0,0,0,0,0,R,.244,.306,.422,.728,1,0,0
683679,Jesus Rodriguez,137,Giants,2026-07-25,1,0,0,0,0,0,0,0,0,0,R,.239,.300,.413,.713,0,0,0
683679,Jesus Rodriguez,137,Giants,2026-07-26,1,0,0,0,0,0,0,1,0,0,R,.234,.308,.404,.712,0,0,0
683679,Jesus Rodriguez,137,Giants,2026-07-27,3,1,1,0,0,0,2,0,0,0,R,.240,.309,.420,.729,1,0,2
683679,Jesus Rodriguez,137,Giants,2026-07-29,0,0,0,0,0,0,0,1,0,0,R,.240,.321,.420,.741,1,0,0
808982,Jung Hoo Lee,137,Giants,2026-07-17,4,3,0,0,0,0,0,0,1,0,L,.307,.340,.433,.773,2,0,3
808982,Jung Hoo Lee,137,Giants,2026-07-18,4,0,0,0,0,0,2,0,0,0,L,.304,.336,.428,.764,0,0,0
808982,Jung Hoo Lee,137,Giants,2026-07-19,4,1,0,0,0,0,0,0,0,0,L,.303,.335,.426,.761,0,0,1
808982,Jung Hoo Lee,137,Giants,2026-07-20,4,1,0,0,0,0,0,0,0,0,L,.303,.334,.424,.758,1,0,1
808982,Jung Hoo Lee,137,Giants,2026-07-21,3,1,0,0,0,0,1,1,0,0,L,.303,.336,.423,.759,0,0,1
808982,Jung Hoo Lee,137,Giants,2026-07-22,4,1,0,1,0,1,0,0,0,0,L,.302,.335,.427,.762,1,0,3
808982,Jung Hoo Lee,137,Giants,2026-07-24,4,0,0,0,0,0,0,0,0,0,L,.299,.332,.422,.754,0,0,0
808982,Jung Hoo Lee,137,Giants,2026-07-25,3,2,1,0,1,3,1,0,1,0,L,.302,.336,.435,.771,1,0,6
808982,Jung Hoo Lee,137,Giants,2026-07-28,4,1,0,0,0,0,2,0,0,0,L,.301,.335,.433,.768,0,0,1
808982,Jung Hoo Lee,137,Giants,2026-07-29,6,2,1,0,0,3,0,0,0,0,L,.302,.335,.434,.769,1,0,3
650333,Luis Arraez,137,Giants,2026-07-18,4,1,0,0,0,0,0,1,0,0,L,.327,.367,.454,.821,0,0,1
650333,Luis Arraez,137,Giants,2026-07-19,4,1,1,0,0,1,2,0,0,0,L,.326,.366,.455,.821,0,0,2
650333,Luis Arraez,137,Giants,2026-07-20,4,0,0,0,0,0,0,0,0,0,L,.323,.362,.450,.812,0,0,0
650333,Luis Arraez,137,Giants,2026-07-22,3,0,0,0,0,1,0,0,0,1,L,.320,.359,.446,.805,0,0,0
650333,Luis Arraez,137,Giants,2026-07-24,5,3,0,0,0,0,0,0,0,0,L,.324,.362,.448,.810,0,0,3
650333,Luis Arraez,137,Giants,2026-07-25,4,2,0,0,0,1,1,0,0,0,L,.326,.363,.449,.812,2,0,2
650333,Luis Arraez,137,Giants,2026-07-26,5,2,1,0,0,2,0,0,0,0,L,.327,.363,.451,.814,0,0,3
650333,Luis Arraez,137,Giants,2026-07-27,4,1,0,0,0,1,1,0,0,0,L,.326,.362,.449,.811,0,1,1
650333,Luis Arraez,137,Giants,2026-07-28,4,1,0,0,0,0,0,0,0,0,L,.325,.361,.447,.808,1,0,1
650333,Luis Arraez,137,Giants,2026-07-29,5,4,0,0,0,2,0,0,0,0,L,.331,.366,.451,.817,1,1,4
678545,Osleivis Basabe,137,Giants,2026-07-29,1,0,0,0,0,0,1,0,0,0,R,.000,.000,.000,.000,0,0,0
646240,Rafael Devers,137,Giants,2026-07-19,4,0,0,0,0,0,3,0,0,0,L,.243,.311,.472,.783,0,0,0
646240,Rafael Devers,137,Giants,2026-07-20,3,1,0,0,0,0,1,1,0,0,L,.243,.313,.471,.784,0,0,1
646240,Rafael Devers,137,Giants,2026-07-21,4,0,0,0,0,0,0,0,0,0,L,.241,.310,.466,.776,0,0,0
646240,Rafael Devers,137,Giants,2026-07-22,3,1,1,0,0,0,0,1,0,0,L,.242,.312,.468,.780,1,0,2
646240,Rafael Devers,137,Giants,2026-07-24,4,2,0,0,1,3,1,1,0,0,L,.244,.315,.476,.791,2,0,5
646240,Rafael Devers,137,Giants,2026-07-25,4,3,1,0,1,4,0,0,0,0,L,.249,.319,.489,.808,2,0,7
646240,Rafael Devers,137,Giants,2026-07-26,3,0,0,0,0,0,1,1,0,0,L,.248,.318,.485,.803,0,0,0
646240,Rafael Devers,137,Giants,2026-07-27,3,0,0,0,0,0,0,1,0,0,L,.246,.318,.481,.799,0,0,0
646240,Rafael Devers,137,Giants,2026-07-28,4,1,0,0,0,0,1,0,0,0,L,.246,.317,.479,.796,0,0,1
646240,Rafael Devers,137,Giants,2026-07-29,4,0,0,0,0,0,2,1,0,0,L,.243,.316,.474,.790,1,0,0
642715,Willy Adames,137,Giants,2026-07-19,3,0,0,0,0,0,2,1,0,0,R,.228,.280,.428,.708,1,0,0
642715,Willy Adames,137,Giants,2026-07-20,4,1,0,0,1,2,1,0,0,0,R,.228,.279,.434,.713,1,0,4
642715,Willy Adames,137,Giants,2026-07-21,4,0,0,0,0,0,3,0,0,0,R,.225,.277,.430,.707,0,0,0
642715,Willy Adames,137,Giants,2026-07-22,2,1,1,0,0,1,0,1,0,0,R,.227,.279,.433,.712,1,0,2
642715,Willy Adames,137,Giants,2026-07-24,4,0,0,0,0,0,3,0,0,0,R,.225,.277,.428,.705,0,0,0
642715,Willy Adames,137,Giants,2026-07-25,4,1,1,0,0,0,2,0,0,0,R,.225,.276,.429,.705,0,0,2
642715,Willy Adames,137,Giants,2026-07-26,4,1,1,0,0,0,1,0,0,0,R,.225,.276,.430,.706,2,0,2
642715,Willy Adames,137,Giants,2026-07-27,2,1,0,0,0,0,0,1,0,0,R,.226,.279,.430,.709,1,0,1
642715,Willy Adames,137,Giants,2026-07-28,4,1,0,0,0,0,1,0,0,0,R,.227,.279,.428,.707,0,0,1
642715,Willy Adames,137,Giants,2026-07-29,3,1,0,0,0,0,0,1,1,0,R,.228,.282,.428,.710,2,1,1
676475,Alec Burleson,138,Cardinals,2026-07-20,4,0,0,0,0,0,1,0,0,0,L,.277,.339,.463,.802,0,0,0
676475,Alec Burleson,138,Cardinals,2026-07-21,4,3,0,0,0,0,1,0,0,0,L,.282,.343,.466,.809,0,0,3
676475,Alec Burleson,138,Cardinals,2026-07-22,3,0,0,0,0,0,1,1,0,0,L,.279,.342,.462,.804,0,0,0
676475,Alec Burleson,138,Cardinals,2026-07-23,5,3,2,0,0,0,0,0,0,0,L,.284,.345,.469,.814,1,0,5
676475,Alec Burleson,138,Cardinals,2026-07-24,4,0,0,0,0,0,2,0,0,0,L,.281,.342,.464,.806,0,0,0
676475,Alec Burleson,138,Cardinals,2026-07-25,4,3,0,0,0,1,1,0,0,0,L,.285,.346,.467,.813,1,0,3
676475,Alec Burleson,138,Cardinals,2026-07-26,5,3,1,0,0,1,2,0,0,0,L,.289,.348,.471,.819,1,0,4
676475,Alec Burleson,138,Cardinals,2026-07-27,4,0,0,0,0,0,0,0,0,0,L,.286,.345,.467,.812,0,0,0
676475,Alec Burleson,138,Cardinals,2026-07-28,2,0,0,0,0,0,0,1,0,0,L,.285,.345,.464,.809,1,0,0
676475,Alec Burleson,138,Cardinals,2026-07-29,4,1,0,0,0,0,2,0,0,0,L,.285,.344,.462,.806,0,0,1
691458,Blaze Jordan,138,Cardinals,2026-07-20,3,0,0,0,0,1,0,0,0,0,R,.250,.264,.381,.645,0,0,0
691458,Blaze Jordan,138,Cardinals,2026-07-21,4,1,0,0,0,0,2,0,0,0,R,.250,.263,.375,.638,1,0,1
691458,Blaze Jordan,138,Cardinals,2026-07-22,3,1,0,0,0,0,1,0,0,0,R,.253,.265,.374,.639,0,0,1
691458,Blaze Jordan,138,Cardinals,2026-07-23,4,0,0,0,0,0,0,0,0,0,R,.242,.255,.358,.613,0,0,0
691458,Blaze Jordan,138,Cardinals,2026-07-24,3,1,1,0,0,2,0,0,0,0,R,.245,.257,.367,.624,0,0,2
691458,Blaze Jordan,138,Cardinals,2026-07-25,4,1,0,0,0,2,0,0,0,0,R,.245,.257,.363,.620,0,0,1
691458,Blaze Jordan,138,Cardinals,2026-07-26,3,0,0,0,0,0,0,1,0,0,R,.238,.257,.352,.609,0,0,0
691458,Blaze Jordan,138,Cardinals,2026-07-27,3,0,0,0,0,0,0,1,0,0,R,.231,.256,.343,.599,0,0,0
691458,Blaze Jordan,138,Cardinals,2026-07-28,1,0,0,0,0,0,0,0,0,0,R,.229,.254,.339,.593,0,0,0
691458,Blaze Jordan,138,Cardinals,2026-07-29,4,1,1,0,0,0,1,0,0,0,R,.230,.254,.345,.599,0,0,2
663494,Bryan Torres,138,Cardinals,2026-07-17,0,0,0,0,0,0,0,0,0,0,L,.194,.250,.433,.683,0,0,0
663494,Bryan Torres,138,Cardinals,2026-07-18,1,0,0,0,0,0,0,0,0,0,L,.191,.247,.426,.673,0,0,0
663494,Bryan Torres,138,Cardinals,2026-07-19,0,0,0,0,0,0,0,0,0,0,L,.191,.247,.426,.673,0,0,0
663494,Bryan Torres,138,Cardinals,2026-07-21,1,1,0,0,0,0,0,1,0,0,L,.203,.267,.435,.702,0,0,1
663494,Bryan Torres,138,Cardinals,2026-07-23,1,1,0,0,0,2,0,0,0,0,L,.214,.276,.443,.719,1,0,1
663494,Bryan Torres,138,Cardinals,2026-07-25,4,1,0,0,0,1,0,0,0,0,L,.216,.275,.432,.707,1,0,1
663494,Bryan Torres,138,Cardinals,2026-07-26,1,0,0,0,0,0,0,0,0,0,L,.213,.272,.427,.699,0,0,0
663494,Bryan Torres,138,Cardinals,2026-07-27,2,1,1,0,0,1,1,0,0,0,L,.221,.277,.442,.719,0,0,2
663494,Bryan Torres,138,Cardinals,2026-07-28,1,1,0,0,0,0,0,0,0,0,L,.231,.286,.449,.735,0,0,1
663494,Bryan Torres,138,Cardinals,2026-07-29,0,0,0,0,0,0,0,0,0,0,L,.231,.286,.449,.735,0,0,0
671056,Iván Herrera,138,Cardinals,2026-07-19,6,3,0,0,0,0,0,0,0,0,R,.247,.374,.382,.756,1,0,3
671056,Iván Herrera,138,Cardinals,2026-07-20,4,0,0,0,0,0,4,0,0,0,R,.244,.370,.378,.748,0,0,0
671056,Iván Herrera,138,Cardinals,2026-07-21,4,1,0,0,0,0,0,0,0,0,R,.244,.369,.377,.746,0,0,1
671056,Iván Herrera,138,Cardinals,2026-07-22,4,0,0,0,0,0,2,0,0,0,R,.241,.366,.373,.739,0,0,0
671056,Iván Herrera,138,Cardinals,2026-07-24,3,0,0,0,0,0,2,0,1,0,R,.239,.365,.370,.735,1,1,0
671056,Iván Herrera,138,Cardinals,2026-07-25,4,2,1,0,0,2,1,0,0,0,R,.242,.366,.374,.740,1,0,3
671056,Iván Herrera,138,Cardinals,2026-07-26,5,2,0,0,1,1,1,0,0,0,R,.244,.366,.382,.748,1,0,5
671056,Iván Herrera,138,Cardinals,2026-07-27,4,1,0,0,0,0,1,0,0,0,R,.244,.365,.380,.745,0,0,1
671056,Iván Herrera,138,Cardinals,2026-07-28,4,0,0,0,0,0,1,0,0,0,R,.242,.362,.377,.739,0,0,0
671056,Iván Herrera,138,Cardinals,2026-07-29,5,3,2,0,0,2,1,0,0,0,R,.246,.365,.384,.749,0,0,5
802139,JJ Wetherholt,138,Cardinals,2026-07-20,3,0,0,0,0,0,2,1,0,0,L,.260,.356,.401,.757,0,1,0
802139,JJ Wetherholt,138,Cardinals,2026-07-21,4,0,0,0,0,1,1,0,0,0,L,.257,.353,.397,.750,0,0,0
802139,JJ Wetherholt,138,Cardinals,2026-07-22,4,1,0,0,1,1,0,0,0,0,L,.257,.352,.403,.755,1,0,4
802139,JJ Wetherholt,138,Cardinals,2026-07-23,5,2,0,0,0,0,0,0,0,0,L,.259,.352,.403,.755,2,0,2
802139,JJ Wetherholt,138,Cardinals,2026-07-24,2,0,0,0,0,0,1,2,0,0,L,.258,.354,.401,.755,0,0,0
802139,JJ Wetherholt,138,Cardinals,2026-07-25,3,0,0,0,0,0,1,1,0,0,L,.256,.353,.398,.751,2,0,0
802139,JJ Wetherholt,138,Cardinals,2026-07-26,5,0,0,0,0,0,2,0,0,0,L,.253,.349,.393,.742,1,0,0
802139,JJ Wetherholt,138,Cardinals,2026-07-27,4,1,0,0,0,0,1,0,0,0,L,.253,.348,.391,.739,0,1,1
802139,JJ Wetherholt,138,Cardinals,2026-07-28,2,1,0,0,0,0,0,1,0,0,L,.254,.350,.392,.742,0,0,1
802139,JJ Wetherholt,138,Cardinals,2026-07-29,4,0,0,0,0,0,0,1,0,0,L,.251,.348,.388,.736,1,0,0
699625,Jimmy Crooks,138,Cardinals,2026-07-10,1,1,0,0,1,1,0,0,0,0,L,.172,.273,.310,.583,1,0,4
699625,Jimmy Crooks,138,Cardinals,2026-07-12,3,0,0,0,0,0,3,1,0,0,L,.164,.271,.295,.566,0,0,0
699625,Jimmy Crooks,138,Cardinals,2026-07-17,3,1,0,0,0,0,0,1,0,0,L,.172,.284,.297,.581,0,0,1
699625,Jimmy Crooks,138,Cardinals,2026-07-18,1,1,0,0,1,1,0,0,0,0,L,.185,.293,.354,.647,1,0,4
699625,Jimmy Crooks,138,Cardinals,2026-07-20,3,0,0,0,0,0,2,0,0,0,L,.176,.282,.338,.620,0,0,0
699625,Jimmy Crooks,138,Cardinals,2026-07-22,3,0,0,0,0,0,1,0,0,0,L,.169,.272,.324,.596,0,0,0
699625,Jimmy Crooks,138,Cardinals,2026-07-23,2,1,0,0,0,0,0,0,0,0,L,.178,.277,.329,.606,0,0,1
699625,Jimmy Crooks,138,Cardinals,2026-07-24,3,1,1,0,0,0,0,0,0,0,L,.184,.279,.342,.621,0,0,2
699625,Jimmy Crooks,138,Cardinals,2026-07-26,1,0,0,0,0,0,1,0,0,0,L,.182,.276,.338,.614,0,0,0
699625,Jimmy Crooks,138,Cardinals,2026-07-28,4,0,0,0,0,0,0,0,0,0,L,.173,.264,.321,.585,0,0,0
691023,Jordan Walker,138,Cardinals,2026-07-20,3,1,1,0,0,0,0,1,0,0,R,.292,.355,.525,.880,1,1,2
691023,Jordan Walker,138,Cardinals,2026-07-21,4,1,0,0,0,0,2,0,0,0,R,.292,.354,.523,.877,0,0,1
691023,Jordan Walker,138,Cardinals,2026-07-22,4,0,0,0,0,0,2,0,0,0,R,.289,.351,.517,.868,0,0,0
691023,Jordan Walker,138,Cardinals,2026-07-23,4,2,1,0,0,1,0,0,0,0,R,.291,.352,.519,.871,1,0,3
691023,Jordan Walker,138,Cardinals,2026-07-24,4,0,0,0,0,0,1,0,0,0,R,.288,.349,.514,.863,0,0,0
691023,Jordan Walker,138,Cardinals,2026-07-25,4,2,1,0,0,0,1,0,0,0,R,.290,.350,.517,.867,0,0,3
691023,Jordan Walker,138,Cardinals,2026-07-26,5,0,0,0,0,0,1,0,0,0,R,.286,.346,.510,.856,0,0,0
691023,Jordan Walker,138,Cardinals,2026-07-27,2,0,0,0,0,0,1,2,0,0,R,.285,.348,.508,.856,1,0,0
691023,Jordan Walker,138,Cardinals,2026-07-28,3,0,0,0,0,0,0,0,0,0,R,.283,.345,.504,.849,0,0,0
691023,Jordan Walker,138,Cardinals,2026-07-29,5,1,0,0,0,1,2,0,0,0,R,.282,.344,.500,.844,1,0,1
665877,José Fermín,138,Cardinals,2026-07-19,3,2,0,0,0,0,0,2,0,0,R,.262,.321,.387,.708,1,0,2
665877,José Fermín,138,Cardinals,2026-07-21,1,0,0,0,0,0,0,0,1,0,R,.260,.323,.385,.708,0,0,0
665877,José Fermín,138,Cardinals,2026-07-22,3,0,0,0,0,0,1,0,0,0,R,.256,.317,.378,.695,0,0,0
665877,José Fermín,138,Cardinals,2026-07-23,3,1,0,0,0,0,0,1,0,0,R,.257,.321,.377,.698,0,0,1
665877,José Fermín,138,Cardinals,2026-07-24,0,0,0,0,0,0,0,0,0,0,R,.257,.321,.377,.698,0,0,0
665877,José Fermín,138,Cardinals,2026-07-25,1,0,0,0,0,0,0,0,0,0,R,.256,.320,.375,.695,0,0,0
665877,José Fermín,138,Cardinals,2026-07-26,2,0,0,0,0,1,0,1,0,1,R,.253,.318,.371,.689,0,0,0
665877,José Fermín,138,Cardinals,2026-07-27,4,1,0,0,1,1,0,0,0,0,R,.253,.317,.385,.702,1,0,4
665877,José Fermín,138,Cardinals,2026-07-28,4,0,0,0,0,0,0,0,0,0,R,.247,.311,.376,.687,0,0,0
665877,José Fermín,138,Cardinals,2026-07-29,3,0,0,0,0,0,1,1,0,0,R,.243,.310,.370,.680,0,0,0
663457,Lars Nootbaar,138,Cardinals,2026-07-19,1,0,0,0,0,0,0,4,0,0,L,.257,.366,.407,.773,1,0,0
663457,Lars Nootbaar,138,Cardinals,2026-07-20,4,1,0,0,0,0,1,0,0,0,L,.256,.362,.402,.764,1,0,1
663457,Lars Nootbaar,138,Cardinals,2026-07-21,4,0,0,0,0,0,2,0,0,0,L,.248,.352,.388,.740,0,0,0
663457,Lars Nootbaar,138,Cardinals,2026-07-23,5,2,0,0,0,3,0,0,0,0,L,.254,.354,.389,.743,0,0,2
663457,Lars Nootbaar,138,Cardinals,2026-07-24,4,0,0,0,0,0,1,0,0,0,L,.246,.344,.377,.721,0,0,0
663457,Lars Nootbaar,138,Cardinals,2026-07-25,2,0,0,0,0,0,0,1,0,0,L,.242,.344,.371,.715,1,0,0
663457,Lars Nootbaar,138,Cardinals,2026-07-26,1,0,0,0,0,0,0,1,0,0,L,.241,.346,.368,.714,0,0,0
663457,Lars Nootbaar,138,Cardinals,2026-07-27,4,1,1,0,0,0,2,0,0,0,L,.241,.344,.372,.716,0,0,2
663457,Lars Nootbaar,138,Cardinals,2026-07-28,3,1,0,0,0,0,0,1,0,0,L,.243,.348,.371,.719,1,0,1
663457,Lars Nootbaar,138,Cardinals,2026-07-29,1,1,0,0,0,0,0,0,0,0,L,.248,.352,.376,.728,0,0,1
691026,Masyn Winn,138,Cardinals,2026-07-20,3,0,0,0,0,0,1,0,0,0,R,.241,.316,.326,.642,0,0,0
691026,Masyn Winn,138,Cardinals,2026-07-21,4,0,0,0,0,0,2,0,0,0,R,.238,.313,.322,.635,0,0,0
691026,Masyn Winn,138,Cardinals,2026-07-22,2,1,0,0,0,0,1,1,0,0,R,.240,.316,.323,.639,0,0,1
691026,Masyn Winn,138,Cardinals,2026-07-23,4,0,0,0,0,0,0,1,0,0,R,.237,.314,.320,.634,0,0,0
691026,Masyn Winn,138,Cardinals,2026-07-24,3,0,0,0,0,0,1,0,0,0,R,.235,.312,.317,.629,0,0,0
691026,Masyn Winn,138,Cardinals,2026-07-25,4,1,0,0,0,0,1,0,0,0,R,.235,.311,.316,.627,1,0,1
691026,Masyn Winn,138,Cardinals,2026-07-26,4,2,0,0,0,0,1,1,0,0,R,.238,.315,.318,.633,0,0,2
691026,Masyn Winn,138,Cardinals,2026-07-27,4,2,0,0,0,1,0,0,0,0,R,.241,.317,.320,.637,1,0,2
691026,Masyn Winn,138,Cardinals,2026-07-28,4,2,1,0,0,1,1,0,0,0,R,.244,.319,.325,.644,0,0,3
691026,Masyn Winn,138,Cardinals,2026-07-29,4,0,0,0,0,0,3,0,0,0,R,.241,.315,.321,.636,0,0,0
701675,Nathan Church,138,Cardinals,2026-07-19,3,0,0,0,0,0,1,0,0,0,L,.226,.268,.367,.635,0,0,0
701675,Nathan Church,138,Cardinals,2026-07-20,3,2,0,0,0,1,0,0,0,0,L,.231,.272,.371,.643,0,0,2
701675,Nathan Church,138,Cardinals,2026-07-21,2,0,0,0,0,0,0,0,0,0,L,.229,.270,.368,.638,0,0,0
701675,Nathan Church,138,Cardinals,2026-07-22,1,0,0,0,0,0,0,0,0,0,L,.228,.269,.366,.635,0,0,0
701675,Nathan Church,138,Cardinals,2026-07-23,4,1,0,0,0,0,1,0,0,0,L,.229,.269,.364,.633,1,0,1
701675,Nathan Church,138,Cardinals,2026-07-24,1,0,0,0,0,0,0,1,0,0,L,.228,.271,.363,.634,1,0,0
701675,Nathan Church,138,Cardinals,2026-07-25,3,0,0,0,0,1,1,0,0,0,L,.225,.268,.359,.627,0,0,0
701675,Nathan Church,138,Cardinals,2026-07-26,0,0,0,0,0,0,0,0,0,0,L,.225,.268,.359,.627,0,0,0
701675,Nathan Church,138,Cardinals,2026-07-28,3,1,0,0,0,1,0,0,0,1,L,.226,.268,.358,.626,0,0,1
701675,Nathan Church,138,Cardinals,2026-07-29,3,0,0,0,0,0,0,0,1,0,L,.224,.267,.354,.621,1,0,0
676369,Nelson Velázquez,138,Cardinals,2026-07-08,3,0,0,0,0,0,2,0,0,0,R,.255,.333,.527,.860,0,0,0
676369,Nelson Velázquez,138,Cardinals,2026-07-10,2,0,0,0,0,0,2,0,0,0,R,.246,.323,.509,.832,0,0,0
676369,Nelson Velázquez,138,Cardinals,2026-07-19,3,0,0,0,0,0,3,0,0,0,R,.233,.309,.483,.792,0,0,0
676369,Nelson Velázquez,138,Cardinals,2026-07-21,1,0,0,0,0,0,1,0,0,0,R,.230,.304,.475,.779,0,0,0
676369,Nelson Velázquez,138,Cardinals,2026-07-22,2,0,0,0,0,0,1,1,0,0,R,.222,.306,.460,.766,0,0,0
676369,Nelson Velázquez,138,Cardinals,2026-07-23,1,0,0,0,0,0,1,0,0,0,R,.219,.301,.453,.754,0,0,0
676369,Nelson Velázquez,138,Cardinals,2026-07-24,1,0,0,0,0,0,1,0,0,0,R,.215,.297,.446,.743,0,0,0
676369,Nelson Velázquez,138,Cardinals,2026-07-26,2,0,0,0,0,0,0,0,0,0,R,.209,.289,.433,.722,0,0,0
676369,Nelson Velázquez,138,Cardinals,2026-07-27,2,0,0,0,0,0,0,0,0,0,R,.203,.282,.420,.702,0,0,0
676369,Nelson Velázquez,138,Cardinals,2026-07-28,1,1,0,0,0,0,0,0,0,0,R,.214,.291,.429,.720,0,0,1
686780,Pedro Pagés,138,Cardinals,2026-07-07,0,0,0,0,0,0,0,0,0,0,R,.218,.257,.345,.602,0,0,0
686780,Pedro Pagés,138,Cardinals,2026-07-08,3,0,0,0,0,0,3,0,0,0,R,.214,.252,.338,.590,0,0,0
686780,Pedro Pagés,138,Cardinals,2026-07-10,1,0,0,0,0,0,1,0,0,0,R,.212,.250,.336,.586,0,0,0
686780,Pedro Pagés,138,Cardinals,2026-07-17,0,0,0,0,0,0,0,0,0,0,R,.212,.250,.336,.586,0,0,0
686780,Pedro Pagés,138,Cardinals,2026-07-18,2,0,0,0,0,0,2,0,0,0,R,.209,.247,.331,.578,0,0,0
686780,Pedro Pagés,138,Cardinals,2026-07-19,0,0,0,0,0,0,0,0,0,0,R,.209,.247,.331,.578,0,0,0
686780,Pedro Pagés,138,Cardinals,2026-07-23,1,0,0,0,0,0,0,0,0,0,R,.208,.245,.329,.574,0,0,0
686780,Pedro Pagés,138,Cardinals,2026-07-24,0,0,0,0,0,0,0,0,0,0,R,.208,.245,.329,.574,0,0,0
686780,Pedro Pagés,138,Cardinals,2026-07-26,1,0,0,0,0,0,0,1,0,0,R,.207,.248,.327,.575,0,0,0
686780,Pedro Pagés,138,Cardinals,2026-07-29,2,0,0,0,0,0,0,1,0,0,R,.204,.250,.322,.572,0,0,0
810938,Ben Williamson,139,Rays,2026-07-17,4,1,0,0,0,0,0,0,0,0,R,.249,.316,.332,.648,0,0,1
810938,Ben Williamson,139,Rays,2026-07-18,4,0,0,0,0,0,1,0,0,0,R,.244,.310,.325,.635,0,0,0
810938,Ben Williamson,139,Rays,2026-07-21,5,4,0,0,0,0,1,0,0,0,R,.257,.321,.336,.657,2,0,4
810938,Ben Williamson,139,Rays,2026-07-22,1,0,0,0,0,1,0,1,0,0,R,.256,.322,.335,.657,0,0,0
810938,Ben Williamson,139,Rays,2026-07-23,3,0,0,0,0,0,1,0,0,0,R,.252,.318,.330,.648,0,0,0
810938,Ben Williamson,139,Rays,2026-07-24,5,1,1,0,0,1,1,0,0,0,R,.251,.316,.332,.648,1,0,2
810938,Ben Williamson,139,Rays,2026-07-25,3,0,0,0,0,0,0,0,0,0,R,.248,.312,.327,.639,0,0,0
810938,Ben Williamson,139,Rays,2026-07-26,3,1,0,0,0,0,0,0,0,0,R,.249,.312,.328,.640,0,0,1
810938,Ben Williamson,139,Rays,2026-07-28,1,1,0,0,0,0,0,0,0,0,R,.252,.315,.330,.645,0,0,1
810938,Ben Williamson,139,Rays,2026-07-29,2,0,0,0,0,0,2,0,1,0,R,.250,.315,.328,.643,0,0,0
656775,Cedric Mullins,139,Rays,2026-07-17,3,1,0,0,0,0,2,1,0,0,L,.201,.281,.339,.620,0,0,1
656775,Cedric Mullins,139,Rays,2026-07-18,0,0,0,0,0,0,0,0,0,0,L,.201,.281,.339,.620,0,1,0
656775,Cedric Mullins,139,Rays,2026-07-19,3,0,0,0,0,0,1,1,0,0,L,.199,.280,.336,.616,0,0,0
656775,Cedric Mullins,139,Rays,2026-07-20,5,1,0,0,1,1,1,0,0,0,L,.199,.279,.344,.623,1,0,4
656775,Cedric Mullins,139,Rays,2026-07-21,6,2,1,0,0,0,1,0,0,0,L,.202,.280,.347,.627,2,1,3
656775,Cedric Mullins,139,Rays,2026-07-22,2,0,0,0,0,0,1,1,1,0,L,.201,.283,.344,.627,1,0,0
656775,Cedric Mullins,139,Rays,2026-07-24,5,2,1,1,0,0,1,0,0,0,L,.204,.284,.355,.639,2,0,5
656775,Cedric Mullins,139,Rays,2026-07-25,3,0,0,0,0,1,1,0,0,1,L,.202,.281,.352,.633,0,0,0
656775,Cedric Mullins,139,Rays,2026-07-26,3,1,0,0,0,1,1,0,0,0,L,.203,.282,.352,.634,0,0,1
656775,Cedric Mullins,139,Rays,2026-07-28,3,0,0,0,0,0,1,0,0,0,L,.201,.279,.348,.627,0,0,0
802415,Chandler Simpson,139,Rays,2026-07-19,4,2,1,0,0,0,0,0,0,0,L,.282,.316,.346,.662,0,0,3
802415,Chandler Simpson,139,Rays,2026-07-20,3,1,0,0,0,0,1,1,0,0,L,.282,.318,.346,.664,0,1,1
802415,Chandler Simpson,139,Rays,2026-07-21,5,4,0,0,0,1,0,0,0,0,L,.289,.324,.352,.676,1,0,4
802415,Chandler Simpson,139,Rays,2026-07-22,2,1,0,0,0,1,0,1,0,1,L,.291,.326,.353,.679,1,2,1
802415,Chandler Simpson,139,Rays,2026-07-23,3,0,0,0,0,0,0,0,0,0,L,.288,.324,.350,.674,0,0,0
802415,Chandler Simpson,139,Rays,2026-07-24,4,2,1,0,0,1,0,0,0,1,L,.291,.325,.355,.680,1,0,3
802415,Chandler Simpson,139,Rays,2026-07-25,4,2,0,0,0,0,1,0,0,0,L,.293,.326,.356,.682,0,0,2
802415,Chandler Simpson,139,Rays,2026-07-26,3,2,0,0,0,0,0,0,0,0,L,.296,.329,.359,.688,1,0,2
802415,Chandler Simpson,139,Rays,2026-07-28,4,0,0,0,0,0,0,0,0,0,L,.293,.326,.355,.681,0,0,0
802415,Chandler Simpson,139,Rays,2026-07-29,3,0,0,0,0,0,1,0,0,0,L,.290,.323,.352,.675,0,0,0
676439,Hunter Feduccia,139,Rays,2026-07-05,2,0,0,0,0,0,0,0,0,0,L,.227,.306,.309,.615,0,0,0
676439,Hunter Feduccia,139,Rays,2026-07-07,2,1,0,0,1,2,0,1,0,0,L,.232,.315,.339,.654,1,0,4
676439,Hunter Feduccia,139,Rays,2026-07-10,4,1,0,0,0,0,1,0,0,0,L,.233,.313,.336,.649,0,0,1
676439,Hunter Feduccia,139,Rays,2026-07-12,4,1,0,0,0,0,2,0,0,0,L,.233,.311,.333,.644,0,0,1
676439,Hunter Feduccia,139,Rays,2026-07-17,3,0,0,0,0,0,1,0,0,0,L,.228,.304,.325,.629,0,0,0
676439,Hunter Feduccia,139,Rays,2026-07-19,3,1,1,0,0,0,1,1,0,0,L,.230,.310,.333,.643,0,0,2
676439,Hunter Feduccia,139,Rays,2026-07-22,2,0,0,0,0,0,0,0,0,0,L,.227,.306,.328,.634,0,0,0
676439,Hunter Feduccia,139,Rays,2026-07-23,3,1,1,0,0,0,0,0,0,0,L,.229,.306,.336,.642,1,0,2
676439,Hunter Feduccia,139,Rays,2026-07-25,2,1,0,0,0,1,0,0,0,0,L,.233,.309,.338,.647,0,0,1
676439,Hunter Feduccia,139,Rays,2026-07-28,2,0,0,0,0,0,0,0,0,0,L,.230,.305,.333,.638,0,0,0
666018,Jonathan Aranda,139,Rays,2026-07-18,1,0,0,0,0,0,0,0,0,0,L,.290,.388,.460,.848,0,0,0
666018,Jonathan Aranda,139,Rays,2026-07-19,4,1,0,0,0,0,2,1,0,0,L,.290,.388,.457,.845,0,0,1
666018,Jonathan Aranda,139,Rays,2026-07-20,5,1,0,0,0,1,1,0,0,0,L,.289,.386,.454,.840,0,0,1
666018,Jonathan Aranda,139,Rays,2026-07-21,6,2,0,0,0,0,2,0,0,0,L,.289,.385,.452,.837,0,0,2
666018,Jonathan Aranda,139,Rays,2026-07-22,4,0,0,0,0,0,3,0,0,0,L,.286,.382,.447,.829,0,0,0
666018,Jonathan Aranda,139,Rays,2026-07-23,4,0,0,0,0,0,1,0,0,0,L,.283,.378,.442,.820,0,0,0
666018,Jonathan Aranda,139,Rays,2026-07-24,4,1,0,0,0,0,2,1,0,0,L,.283,.378,.440,.818,1,0,1
666018,Jonathan Aranda,139,Rays,2026-07-25,4,1,0,0,0,0,2,0,0,0,L,.282,.377,.438,.815,1,0,1
666018,Jonathan Aranda,139,Rays,2026-07-28,4,2,0,0,0,0,1,0,0,0,L,.285,.378,.439,.817,0,0,2
666018,Jonathan Aranda,139,Rays,2026-07-29,4,1,1,0,0,0,2,0,0,0,L,.284,.377,.439,.816,1,0,2
676356,Jonny DeLuca,139,Rays,2026-07-11,4,0,0,0,0,0,2,0,0,0,R,.255,.293,.424,.717,0,0,0
676356,Jonny DeLuca,139,Rays,2026-07-17,4,0,0,0,0,0,0,0,0,0,R,.249,.287,.414,.701,0,0,0
676356,Jonny DeLuca,139,Rays,2026-07-17,4,2,0,0,0,2,1,0,0,0,R,.254,.291,.416,.707,0,0,2
676356,Jonny DeLuca,139,Rays,2026-07-18,5,2,1,0,1,1,1,0,0,0,R,.258,.294,.438,.732,1,0,6
676356,Jonny DeLuca,139,Rays,2026-07-21,6,2,0,0,0,3,1,0,0,0,R,.261,.295,.435,.730,1,1,2
676356,Jonny DeLuca,139,Rays,2026-07-23,3,1,1,0,0,0,0,0,0,0,R,.262,.296,.439,.735,0,0,2
676356,Jonny DeLuca,139,Rays,2026-07-24,4,2,0,0,0,1,2,1,0,0,R,.267,.303,.440,.743,3,0,2
676356,Jonny DeLuca,139,Rays,2026-07-26,3,0,0,0,0,0,0,0,0,0,R,.263,.299,.433,.732,0,0,0
676356,Jonny DeLuca,139,Rays,2026-07-28,1,0,0,0,0,0,0,0,0,0,R,.262,.298,.431,.729,0,0,0
676356,Jonny DeLuca,139,Rays,2026-07-29,3,0,0,0,0,0,1,0,0,0,R,.258,.293,.424,.717,0,0,0
691406,Junior Caminero,139,Rays,2026-07-19,5,1,0,0,0,0,1,0,0,0,R,.280,.369,.551,.920,0,0,1
691406,Junior Caminero,139,Rays,2026-07-20,4,3,2,0,0,2,0,1,0,0,R,.285,.374,.559,.933,0,0,5
691406,Junior Caminero,139,Rays,2026-07-21,3,2,0,0,0,0,0,3,0,0,R,.288,.380,.559,.939,1,0,2
691406,Junior Caminero,139,Rays,2026-07-22,4,2,0,0,0,0,0,0,0,0,R,.290,.381,.559,.940,1,0,2
691406,Junior Caminero,139,Rays,2026-07-23,4,0,0,0,0,0,3,0,0,0,R,.287,.378,.553,.931,0,0,0
691406,Junior Caminero,139,Rays,2026-07-24,5,1,0,0,0,1,0,0,0,0,R,.286,.376,.548,.924,0,0,1
691406,Junior Caminero,139,Rays,2026-07-25,4,1,1,0,0,1,1,0,0,0,R,.285,.375,.548,.923,0,0,2
691406,Junior Caminero,139,Rays,2026-07-26,4,0,0,0,0,0,0,0,0,0,R,.283,.372,.543,.915,0,0,0
691406,Junior Caminero,139,Rays,2026-07-28,4,2,1,1,0,1,0,0,0,0,R,.285,.373,.550,.923,0,0,5
691406,Junior Caminero,139,Rays,2026-07-29,3,0,0,0,0,0,1,0,0,0,R,.283,.370,.545,.915,0,0,0
663743,Nick Fortes,139,Rays,2026-07-17,2,0,0,0,0,0,0,0,1,0,R,.255,.300,.337,.637,0,0,0
663743,Nick Fortes,139,Rays,2026-07-17,1,0,0,0,0,0,1,0,0,0,R,.254,.299,.335,.634,0,0,0
663743,Nick Fortes,139,Rays,2026-07-18,4,1,0,0,0,1,2,0,0,0,R,.254,.298,.333,.631,0,0,1
663743,Nick Fortes,139,Rays,2026-07-20,4,2,0,0,1,1,0,0,0,0,R,.258,.302,.350,.652,2,0,5
663743,Nick Fortes,139,Rays,2026-07-21,5,3,0,0,1,4,0,0,0,0,R,.266,.308,.369,.677,2,0,6
663743,Nick Fortes,139,Rays,2026-07-22,2,1,0,0,0,0,0,0,0,0,R,.268,.310,.371,.681,0,0,1
663743,Nick Fortes,139,Rays,2026-07-24,4,4,1,0,0,2,0,0,0,0,R,.281,.321,.386,.707,1,0,5
663743,Nick Fortes,139,Rays,2026-07-26,3,1,1,0,0,0,1,0,0,0,R,.281,.321,.390,.711,0,0,2
663743,Nick Fortes,139,Rays,2026-07-28,1,0,0,0,0,0,0,0,0,0,R,.280,.320,.388,.708,0,0,0
663743,Nick Fortes,139,Rays,2026-07-29,3,0,0,0,0,0,0,0,0,0,R,.277,.316,.383,.699,0,0,0
680700,Richie Palacios,139,Rays,2026-07-12,2,0,0,0,0,0,1,2,0,0,L,.237,.333,.338,.671,0,0,0
680700,Richie Palacios,139,Rays,2026-07-18,3,1,1,0,0,0,1,1,0,0,L,.239,.336,.343,.679,1,0,2
680700,Richie Palacios,139,Rays,2026-07-19,3,1,0,0,0,0,0,1,0,0,L,.240,.339,.343,.682,0,1,1
680700,Richie Palacios,139,Rays,2026-07-20,4,0,0,0,0,0,3,0,0,0,L,.236,.333,.337,.670,0,0,0
680700,Richie Palacios,139,Rays,2026-07-22,2,0,0,0,0,0,0,0,0,0,L,.233,.331,.333,.664,0,0,0
680700,Richie Palacios,139,Rays,2026-07-23,3,0,0,0,0,0,0,0,0,0,L,.230,.327,.329,.656,0,0,0
680700,Richie Palacios,139,Rays,2026-07-24,2,1,0,0,1,3,1,0,0,0,L,.233,.328,.344,.672,1,0,4
680700,Richie Palacios,139,Rays,2026-07-25,3,1,0,0,0,0,0,1,0,0,L,.234,.331,.344,.675,0,0,1
680700,Richie Palacios,139,Rays,2026-07-26,2,0,0,0,0,0,0,0,0,0,L,.232,.328,.341,.669,0,0,0
680700,Richie Palacios,139,Rays,2026-07-28,2,0,0,0,0,0,2,0,0,0,L,.230,.325,.338,.663,0,0,0
668723,Ryan Vilade,139,Rays,2026-07-05,2,0,0,0,0,0,1,0,0,0,R,.263,.327,.459,.786,0,0,0
668723,Ryan Vilade,139,Rays,2026-07-09,4,0,0,0,0,0,1,0,0,0,R,.255,.318,.445,.763,0,0,0
668723,Ryan Vilade,139,Rays,2026-07-11,1,1,0,0,1,3,0,0,0,0,R,.261,.323,.471,.794,1,0,4
668723,Ryan Vilade,139,Rays,2026-07-17,4,1,0,0,0,0,0,0,0,0,R,.261,.321,.465,.786,0,0,1
668723,Ryan Vilade,139,Rays,2026-07-17,3,0,0,0,0,0,0,1,0,0,R,.255,.319,.455,.774,1,0,0
668723,Ryan Vilade,139,Rays,2026-07-18,3,1,1,0,0,0,1,0,0,0,R,.257,.319,.459,.778,1,0,2
668723,Ryan Vilade,139,Rays,2026-07-24,2,1,0,0,1,2,1,1,0,0,R,.260,.325,.480,.805,1,0,4
668723,Ryan Vilade,139,Rays,2026-07-26,4,1,0,0,0,0,2,0,0,0,R,.260,.324,.474,.798,0,0,1
668723,Ryan Vilade,139,Rays,2026-07-28,2,0,0,0,0,0,1,0,0,0,R,.256,.320,.468,.788,0,0,0
668723,Ryan Vilade,139,Rays,2026-07-29,3,1,0,0,1,2,1,0,0,0,R,.258,.320,.484,.804,1,0,4
670764,Taylor Walls,139,Rays,2026-07-17,3,1,0,0,0,0,1,0,0,0,S,.216,.311,.286,.597,0,0,1
670764,Taylor Walls,139,Rays,2026-07-18,0,0,0,0,0,0,0,0,0,0,S,.216,.311,.286,.597,0,2,0
670764,Taylor Walls,139,Rays,2026-07-19,3,1,0,0,0,0,0,1,0,0,S,.218,.314,.286,.600,0,0,1
670764,Taylor Walls,139,Rays,2026-07-20,3,2,1,0,0,0,1,0,0,0,S,.224,.318,.295,.613,1,0,3
670764,Taylor Walls,139,Rays,2026-07-21,5,0,0,0,0,0,2,0,0,0,S,.219,.312,.289,.601,1,0,0
670764,Taylor Walls,139,Rays,2026-07-22,4,2,1,0,0,0,2,0,0,0,S,.224,.314,.297,.611,0,0,3
670764,Taylor Walls,139,Rays,2026-07-25,0,0,0,0,0,0,0,0,0,0,S,.224,.314,.297,.611,0,0,0
670764,Taylor Walls,139,Rays,2026-07-26,1,0,0,0,0,0,1,0,0,0,S,.223,.313,.296,.609,0,0,0
670764,Taylor Walls,139,Rays,2026-07-28,2,0,0,0,0,0,2,0,0,0,S,.221,.311,.293,.604,0,0,0
670764,Taylor Walls,139,Rays,2026-07-29,3,0,0,0,0,0,1,0,0,0,S,.218,.308,.290,.598,0,0,0
683748,Victor Mesa Jr.,139,Rays,2026-07-12,3,0,0,0,0,0,1,1,0,0,L,.213,.311,.404,.715,0,0,0
683748,Victor Mesa Jr.,139,Rays,2026-07-17,0,0,0,0,0,0,0,0,0,0,L,.213,.311,.404,.715,0,0,0
683748,Victor Mesa Jr.,139,Rays,2026-07-18,4,1,0,0,1,1,0,0,0,0,L,.215,.308,.430,.738,1,0,4
683748,Victor Mesa Jr.,139,Rays,2026-07-19,4,1,0,0,1,1,1,0,0,0,L,.216,.306,.454,.760,1,0,4
683748,Victor Mesa Jr.,139,Rays,2026-07-20,4,1,0,0,1,1,2,0,0,0,L,.218,.304,.475,.779,1,0,4
683748,Victor Mesa Jr.,139,Rays,2026-07-22,3,2,0,0,0,2,1,1,0,0,L,.231,.319,.481,.800,0,1,2
683748,Victor Mesa Jr.,139,Rays,2026-07-23,3,0,0,0,0,0,1,0,0,0,L,.224,.311,.467,.778,0,0,0
683748,Victor Mesa Jr.,139,Rays,2026-07-25,3,1,0,0,0,0,2,1,0,0,L,.227,.317,.464,.781,1,0,1
683748,Victor Mesa Jr.,139,Rays,2026-07-28,2,0,0,0,0,0,1,0,0,0,L,.223,.313,.455,.768,0,0,0
683748,Victor Mesa Jr.,139,Rays,2026-07-29,0,0,0,0,0,0,0,0,0,0,L,.223,.313,.455,.768,0,0,0
650490,Yandy Díaz,139,Rays,2026-07-19,5,0,0,0,0,0,2,0,0,0,R,.310,.388,.471,.859,0,0,0
650490,Yandy Díaz,139,Rays,2026-07-20,5,2,0,0,0,1,0,0,0,0,R,.311,.388,.470,.858,2,1,2
650490,Yandy Díaz,139,Rays,2026-07-21,6,2,0,0,1,3,0,0,0,0,R,.312,.388,.476,.864,2,0,5
650490,Yandy Díaz,139,Rays,2026-07-22,5,0,0,0,0,0,2,0,0,0,R,.308,.383,.469,.852,1,0,0
650490,Yandy Díaz,139,Rays,2026-07-23,4,1,0,0,0,1,0,0,0,0,R,.307,.382,.467,.849,0,0,1
650490,Yandy Díaz,139,Rays,2026-07-24,4,0,0,0,0,0,2,1,0,0,R,.304,.380,.462,.842,0,0,0
650490,Yandy Díaz,139,Rays,2026-07-25,4,2,1,0,0,0,2,0,0,0,R,.306,.381,.465,.846,1,0,3
650490,Yandy Díaz,139,Rays,2026-07-26,4,0,0,0,0,0,1,0,0,0,R,.303,.378,.461,.839,0,0,0
650490,Yandy Díaz,139,Rays,2026-07-28,3,0,0,0,0,0,1,1,0,0,R,.301,.376,.457,.833,1,0,0
650490,Yandy Díaz,139,Rays,2026-07-29,3,1,0,0,1,1,0,1,0,0,R,.301,.377,.464,.841,1,0,4
696030,Alejandro Osuna,140,Rangers,2026-07-11,0,0,0,0,0,0,0,0,0,0,L,.256,.354,.299,.653,0,0,0
696030,Alejandro Osuna,140,Rangers,2026-07-12,0,0,0,0,0,0,0,0,0,0,L,.256,.354,.299,.653,0,0,0
696030,Alejandro Osuna,140,Rangers,2026-07-17,1,0,0,0,0,0,0,0,0,0,L,.255,.353,.297,.650,0,0,0
696030,Alejandro Osuna,140,Rangers,2026-07-20,1,0,0,0,0,0,0,0,0,0,L,.253,.351,.295,.646,0,0,0
696030,Alejandro Osuna,140,Rangers,2026-07-21,4,3,0,0,0,3,0,0,0,0,L,.265,.359,.306,.665,2,0,3
696030,Alejandro Osuna,140,Rangers,2026-07-22,4,1,0,0,0,0,1,0,0,0,L,.264,.357,.305,.662,0,0,1
696030,Alejandro Osuna,140,Rangers,2026-07-24,1,0,0,0,0,0,1,0,0,0,L,.263,.355,.303,.658,0,0,0
696030,Alejandro Osuna,140,Rangers,2026-07-25,4,1,1,0,0,2,1,0,0,0,L,.263,.353,.307,.660,0,0,2
696030,Alejandro Osuna,140,Rangers,2026-07-26,1,0,0,0,0,0,1,0,0,0,L,.261,.351,.306,.657,0,0,0
696030,Alejandro Osuna,140,Rangers,2026-07-29,3,0,0,0,0,0,0,0,0,0,L,.257,.346,.301,.647,0,0,0
642851,Austin Wynns,140,Rangers,2026-06-04,0,0,0,0,0,0,0,0,0,0,R,.077,.143,.077,.220,0,0,0
642851,Austin Wynns,140,Rangers,2026-06-06,4,0,0,0,0,0,1,0,0,0,R,.070,.130,.070,.200,0,0,0
642851,Austin Wynns,140,Rangers,2026-06-07,0,0,0,0,0,0,0,0,0,0,R,.070,.130,.070,.200,0,0,0
642851,Austin Wynns,140,Rangers,2026-06-09,3,1,0,0,0,0,0,0,0,0,R,.087,.143,.087,.230,0,0,1
642851,Austin Wynns,140,Rangers,2026-06-10,3,0,0,0,0,0,0,0,0,0,R,.082,.135,.082,.217,0,0,0
642851,Austin Wynns,140,Rangers,2026-06-12,4,0,0,0,0,0,3,0,0,0,R,.075,.125,.075,.200,0,0,0
642851,Austin Wynns,140,Rangers,2026-07-21,1,0,0,0,0,0,0,0,0,0,R,.074,.123,.074,.197,0,0,0
642851,Austin Wynns,140,Rangers,2026-07-25,4,1,0,0,0,0,2,0,0,0,R,.086,.131,.086,.217,0,0,1
642851,Austin Wynns,140,Rangers,2026-07-28,3,1,0,0,1,1,1,1,0,0,R,.098,.154,.148,.302,1,0,4
642851,Austin Wynns,140,Rangers,2026-07-29,0,0,0,0,0,0,0,0,0,0,R,.098,.154,.148,.302,0,0,0
607043,Brandon Nimmo,140,Rangers,2026-07-19,3,0,0,0,0,0,1,2,0,0,L,.263,.332,.423,.755,0,0,0
607043,Brandon Nimmo,140,Rangers,2026-07-20,4,0,0,0,0,0,3,0,0,0,L,.260,.329,.418,.747,0,0,0
607043,Brandon Nimmo,140,Rangers,2026-07-21,4,4,0,0,1,2,0,0,0,0,L,.268,.336,.433,.769,2,0,7
607043,Brandon Nimmo,140,Rangers,2026-07-22,4,1,0,0,0,0,1,0,0,0,L,.268,.335,.431,.766,1,0,1
607043,Brandon Nimmo,140,Rangers,2026-07-24,4,2,1,0,0,0,1,0,0,0,L,.271,.337,.434,.771,1,0,3
607043,Brandon Nimmo,140,Rangers,2026-07-25,3,0,0,0,0,0,0,1,0,0,L,.269,.336,.431,.767,1,0,0
607043,Brandon Nimmo,140,Rangers,2026-07-26,4,1,0,0,0,0,1,0,0,0,L,.268,.335,.429,.764,1,0,1
607043,Brandon Nimmo,140,Rangers,2026-07-27,4,2,2,0,0,0,2,0,0,0,L,.271,.336,.435,.771,0,0,4
607043,Brandon Nimmo,140,Rangers,2026-07-28,4,0,0,0,0,0,2,0,0,0,L,.268,.333,.430,.763,0,0,0
607043,Brandon Nimmo,140,Rangers,2026-07-29,4,1,1,0,0,0,1,0,0,0,L,.268,.333,.431,.764,0,0,2
695508,Cam Cauley,140,Rangers,2026-07-11,1,1,0,0,0,0,0,0,0,0,R,.250,.318,.350,.668,1,0,1
695508,Cam Cauley,140,Rangers,2026-07-12,1,0,0,0,0,0,0,0,0,0,R,.238,.304,.333,.637,0,0,0
695508,Cam Cauley,140,Rangers,2026-07-17,3,1,1,0,0,0,1,0,0,0,R,.250,.308,.375,.683,1,0,2
695508,Cam Cauley,140,Rangers,2026-07-19,1,0,0,0,0,0,1,1,0,0,R,.240,.321,.360,.681,1,0,0
695508,Cam Cauley,140,Rangers,2026-07-20,1,1,1,0,0,0,0,0,0,0,R,.269,.345,.423,.768,0,0,2
695508,Cam Cauley,140,Rangers,2026-07-21,4,1,0,0,0,0,1,1,0,0,R,.267,.353,.400,.753,1,0,1
695508,Cam Cauley,140,Rangers,2026-07-22,3,1,0,0,1,1,1,0,1,0,R,.273,.368,.485,.853,1,0,4
695508,Cam Cauley,140,Rangers,2026-07-24,2,0,0,0,0,0,0,0,0,0,R,.257,.350,.457,.807,0,0,0
695508,Cam Cauley,140,Rangers,2026-07-25,1,0,0,0,0,0,0,0,0,0,R,.250,.341,.444,.785,0,0,0
695508,Cam Cauley,140,Rangers,2026-07-29,3,1,1,0,0,0,2,0,0,0,R,.256,.341,.462,.803,0,0,2
553869,Elias Díaz,140,Rangers,2026-07-11,4,1,0,0,0,0,1,0,0,0,R,.270,.283,.472,.755,0,0,1
553869,Elias Díaz,140,Rangers,2026-07-12,1,0,0,0,0,0,0,0,0,0,R,.267,.280,.467,.747,0,0,0
553869,Elias Díaz,140,Rangers,2026-07-17,3,1,0,0,0,0,0,0,0,0,R,.269,.281,.462,.743,0,0,1
553869,Elias Díaz,140,Rangers,2026-07-20,4,0,0,0,0,0,2,0,0,0,R,.258,.270,.443,.713,0,0,0
553869,Elias Díaz,140,Rangers,2026-07-21,3,1,1,0,0,0,0,0,0,0,R,.260,.272,.450,.722,1,0,2
553869,Elias Díaz,140,Rangers,2026-07-22,4,0,0,0,0,0,2,0,0,0,R,.250,.262,.433,.695,0,0,0
553869,Elias Díaz,140,Rangers,2026-07-24,4,2,0,0,0,0,0,0,0,0,R,.259,.270,.435,.705,0,0,2
553869,Elias Díaz,140,Rangers,2026-07-26,3,0,0,0,0,0,2,0,0,0,R,.252,.263,.423,.686,0,0,0
553869,Elias Díaz,140,Rangers,2026-07-27,3,0,0,0,0,0,2,0,1,0,R,.246,.263,.412,.675,1,0,0
553869,Elias Díaz,140,Rangers,2026-07-29,2,1,1,0,0,0,0,0,0,0,R,.250,.267,.422,.689,0,0,2
694497,Evan Carter,140,Rangers,2026-07-18,4,2,0,0,1,2,1,1,0,0,L,.193,.307,.346,.653,1,0,5
694497,Evan Carter,140,Rangers,2026-07-19,2,0,0,0,0,0,0,0,0,0,L,.191,.305,.343,.648,0,0,0
694497,Evan Carter,140,Rangers,2026-07-20,4,1,0,0,0,1,0,0,0,0,L,.192,.304,.342,.646,0,0,1
694497,Evan Carter,140,Rangers,2026-07-21,1,0,0,0,0,0,0,0,0,0,L,.191,.303,.340,.643,0,0,0
694497,Evan Carter,140,Rangers,2026-07-24,3,0,0,0,0,0,0,1,0,0,L,.189,.302,.336,.638,1,0,0
694497,Evan Carter,140,Rangers,2026-07-25,2,1,1,0,0,1,1,2,0,0,L,.192,.309,.342,.651,1,0,2
694497,Evan Carter,140,Rangers,2026-07-26,3,1,0,0,0,1,2,1,0,0,L,.193,.311,.342,.653,0,1,1
694497,Evan Carter,140,Rangers,2026-07-27,4,2,1,0,0,0,0,0,0,0,L,.198,.314,.348,.662,1,1,3
694497,Evan Carter,140,Rangers,2026-07-28,3,2,0,0,0,1,1,1,0,0,L,.204,.320,.352,.672,1,1,2
694497,Evan Carter,140,Rangers,2026-07-29,1,0,0,0,0,0,1,0,0,0,L,.203,.319,.351,.670,0,0,0
677649,Ezequiel Duran,140,Rangers,2026-07-19,4,0,0,0,0,0,2,0,0,0,R,.265,.321,.428,.749,0,0,0
677649,Ezequiel Duran,140,Rangers,2026-07-20,3,1,1,0,0,0,2,0,0,0,R,.265,.322,.430,.752,1,0,2
677649,Ezequiel Duran,140,Rangers,2026-07-21,5,2,1,0,0,1,1,0,0,0,R,.268,.323,.433,.756,1,0,3
677649,Ezequiel Duran,140,Rangers,2026-07-22,4,1,1,0,0,0,2,0,0,0,R,.267,.322,.434,.756,0,0,2
677649,Ezequiel Duran,140,Rangers,2026-07-24,4,1,0,0,0,0,0,0,0,0,R,.267,.321,.432,.753,1,0,1
677649,Ezequiel Duran,140,Rangers,2026-07-25,4,2,0,1,0,2,1,0,0,0,R,.270,.323,.439,.762,1,0,4
677649,Ezequiel Duran,140,Rangers,2026-07-26,3,1,0,0,1,2,0,0,0,1,R,.271,.322,.447,.769,1,0,4
677649,Ezequiel Duran,140,Rangers,2026-07-27,4,2,0,0,1,1,0,0,0,0,R,.273,.324,.456,.780,1,0,5
677649,Ezequiel Duran,140,Rangers,2026-07-28,2,1,0,0,0,1,0,0,1,1,R,.275,.326,.457,.783,1,1,1
677649,Ezequiel Duran,140,Rangers,2026-07-29,4,0,0,0,0,0,0,0,0,0,R,.271,.323,.451,.774,0,0,0
669394,Jake Burger,140,Rangers,2026-07-18,5,1,0,0,0,0,1,0,0,0,R,.236,.299,.415,.714,0,0,1
669394,Jake Burger,140,Rangers,2026-07-19,5,2,0,0,0,1,0,0,0,0,R,.239,.301,.415,.716,0,0,2
669394,Jake Burger,140,Rangers,2026-07-20,3,1,0,0,1,1,1,0,0,0,R,.239,.301,.423,.724,1,0,4
669394,Jake Burger,140,Rangers,2026-07-21,5,1,1,0,0,1,1,0,0,0,R,.239,.299,.422,.721,0,0,2
669394,Jake Burger,140,Rangers,2026-07-22,3,0,0,0,0,0,2,1,0,0,R,.237,.299,.419,.718,0,0,0
669394,Jake Burger,140,Rangers,2026-07-24,4,2,0,0,1,3,0,0,0,0,R,.240,.301,.428,.729,1,0,5
669394,Jake Burger,140,Rangers,2026-07-26,3,0,0,0,0,0,3,1,0,0,R,.238,.300,.424,.724,1,0,0
669394,Jake Burger,140,Rangers,2026-07-27,4,1,0,0,1,2,2,0,0,0,R,.238,.300,.430,.730,1,0,4
669394,Jake Burger,140,Rangers,2026-07-28,4,1,0,0,0,0,1,0,0,0,R,.238,.300,.429,.729,0,0,1
669394,Jake Burger,140,Rangers,2026-07-29,4,1,1,0,0,0,0,0,0,0,R,.238,.299,.429,.728,0,0,2
592626,Joc Pederson,140,Rangers,2026-07-12,3,1,1,0,0,2,1,0,0,0,L,.235,.334,.462,.796,0,0,2
592626,Joc Pederson,140,Rangers,2026-07-18,4,2,0,0,1,1,1,0,0,0,L,.239,.337,.475,.812,3,0,5
592626,Joc Pederson,140,Rangers,2026-07-19,4,2,1,0,0,0,1,0,0,0,L,.243,.339,.479,.818,1,0,3
592626,Joc Pederson,140,Rangers,2026-07-20,3,1,0,0,1,1,2,0,0,0,L,.244,.339,.489,.828,1,0,4
592626,Joc Pederson,140,Rangers,2026-07-24,4,1,0,0,0,0,0,0,0,0,L,.244,.338,.485,.823,0,0,1
592626,Joc Pederson,140,Rangers,2026-07-25,5,3,1,0,0,0,0,0,0,0,L,.251,.342,.491,.833,1,1,4
592626,Joc Pederson,140,Rangers,2026-07-26,4,1,1,0,0,0,0,0,0,0,L,.251,.341,.491,.832,1,0,2
592626,Joc Pederson,140,Rangers,2026-07-27,4,2,0,0,2,4,1,0,0,0,L,.254,.343,.513,.856,2,0,8
592626,Joc Pederson,140,Rangers,2026-07-28,5,1,0,0,0,0,3,0,0,0,L,.254,.340,.507,.847,1,0,1
592626,Joc Pederson,140,Rangers,2026-07-29,1,0,0,0,0,0,1,0,0,0,L,.253,.339,.505,.844,0,0,0
669701,Josh Smith,140,Rangers,2026-07-01,2,1,0,0,0,0,0,0,0,0,L,.223,.319,.252,.571,0,0,1
669701,Josh Smith,140,Rangers,2026-07-02,2,2,0,0,1,2,0,0,0,0,L,.238,.331,.295,.626,1,0,5
669701,Josh Smith,140,Rangers,2026-07-04,4,0,0,0,0,0,1,0,0,0,L,.229,.320,.284,.604,0,0,0
669701,Josh Smith,140,Rangers,2026-07-05,4,1,0,1,0,0,0,0,0,0,L,.230,.318,.301,.619,0,0,3
669701,Josh Smith,140,Rangers,2026-07-07,5,1,0,0,0,0,1,0,0,0,L,.229,.313,.297,.610,1,0,1
669701,Josh Smith,140,Rangers,2026-07-08,4,1,0,0,0,0,2,0,0,0,L,.230,.312,.295,.607,0,0,1
669701,Josh Smith,140,Rangers,2026-07-25,4,0,0,0,0,0,1,0,0,0,L,.222,.303,.286,.589,0,0,0
669701,Josh Smith,140,Rangers,2026-07-26,2,0,0,0,0,0,0,0,0,0,L,.219,.299,.281,.580,0,0,0
669701,Josh Smith,140,Rangers,2026-07-27,4,1,0,0,0,0,1,0,0,0,L,.220,.297,.280,.577,0,1,1
669701,Josh Smith,140,Rangers,2026-07-28,3,0,0,0,0,0,1,1,0,0,L,.215,.296,.274,.570,0,0,0
679822,Justin Foscue,140,Rangers,2026-07-12,2,1,0,0,0,0,0,0,0,0,R,.286,.356,.552,.908,0,0,1
679822,Justin Foscue,140,Rangers,2026-07-17,4,1,0,0,0,0,0,0,0,0,R,.284,.352,.541,.893,0,0,1
679822,Justin Foscue,140,Rangers,2026-07-18,1,0,0,0,0,0,0,0,0,0,R,.282,.350,.536,.886,0,0,0
679822,Justin Foscue,140,Rangers,2026-07-19,1,0,0,0,0,0,1,0,0,0,R,.279,.347,.532,.879,0,0,0
679822,Justin Foscue,140,Rangers,2026-07-20,1,0,0,0,0,0,1,0,0,0,R,.277,.344,.527,.871,0,0,0
679822,Justin Foscue,140,Rangers,2026-07-21,5,1,0,0,0,0,1,0,0,0,R,.274,.338,.513,.851,0,0,1
679822,Justin Foscue,140,Rangers,2026-07-22,4,1,0,0,0,0,1,0,0,0,R,.273,.336,.504,.840,0,0,1
679822,Justin Foscue,140,Rangers,2026-07-24,1,0,0,0,0,0,1,0,0,0,R,.270,.333,.500,.833,0,0,0
679822,Justin Foscue,140,Rangers,2026-07-26,1,0,0,0,0,0,1,0,0,0,R,.268,.331,.496,.827,0,0,0
679822,Justin Foscue,140,Rangers,2026-07-29,2,0,0,0,0,0,1,0,0,0,R,.264,.326,.488,.814,0,0,0
670032,Nicky Lopez,140,Rangers,2026-07-19,4,3,0,0,0,0,0,0,0,0,L,.315,.346,.362,.708,1,0,3
670032,Nicky Lopez,140,Rangers,2026-07-20,2,0,0,0,0,0,1,0,0,0,L,.310,.341,.357,.698,0,0,0
670032,Nicky Lopez,140,Rangers,2026-07-21,3,2,0,0,0,1,0,0,0,0,L,.318,.348,.364,.712,0,0,2
670032,Nicky Lopez,140,Rangers,2026-07-22,2,0,0,0,0,0,1,0,0,0,L,.313,.343,.358,.701,0,0,0
670032,Nicky Lopez,140,Rangers,2026-07-24,3,1,0,0,0,1,0,0,0,0,L,.314,.343,.358,.701,0,0,1
670032,Nicky Lopez,140,Rangers,2026-07-25,3,1,0,0,0,1,0,1,0,0,L,.314,.347,.357,.704,1,0,1
670032,Nicky Lopez,140,Rangers,2026-07-26,4,1,0,0,0,1,2,0,0,0,L,.313,.344,.354,.698,0,0,1
670032,Nicky Lopez,140,Rangers,2026-07-27,3,1,0,0,0,0,1,1,0,0,L,.313,.348,.354,.702,1,0,1
670032,Nicky Lopez,140,Rangers,2026-07-28,2,0,0,0,0,1,1,1,0,1,L,.309,.346,.349,.695,0,0,0
670032,Nicky Lopez,140,Rangers,2026-07-29,3,0,0,0,0,0,0,1,0,0,L,.303,.344,.342,.686,0,0,0
694671,Wyatt Langford,140,Rangers,2026-07-19,5,3,1,0,1,2,0,0,0,0,R,.283,.328,.508,.836,2,0,7
694671,Wyatt Langford,140,Rangers,2026-07-20,4,1,0,0,0,0,1,0,0,0,R,.282,.327,.503,.830,0,1,1
694671,Wyatt Langford,140,Rangers,2026-07-21,4,2,0,0,1,2,0,0,0,0,R,.286,.330,.518,.848,2,0,5
694671,Wyatt Langford,140,Rangers,2026-07-22,3,0,0,0,0,0,1,1,0,0,R,.282,.329,.510,.839,0,0,0
694671,Wyatt Langford,140,Rangers,2026-07-24,4,1,0,0,1,1,1,0,0,0,R,.282,.327,.519,.846,1,0,4
694671,Wyatt Langford,140,Rangers,2026-07-25,4,3,2,0,0,1,1,0,0,0,R,.290,.335,.533,.868,2,0,5
694671,Wyatt Langford,140,Rangers,2026-07-26,4,1,0,0,0,0,0,0,0,0,R,.290,.333,.528,.861,0,0,1
694671,Wyatt Langford,140,Rangers,2026-07-27,4,0,0,0,0,0,1,0,0,0,R,.284,.328,.518,.846,0,0,0
694671,Wyatt Langford,140,Rangers,2026-07-28,5,1,1,0,0,0,3,0,0,0,R,.283,.325,.516,.841,0,0,2
694671,Wyatt Langford,140,Rangers,2026-07-29,4,0,0,0,0,0,2,0,0,0,R,.278,.320,.507,.827,0,0,0
702176,Alan Roden,142,Twins,2026-07-17,2,0,0,0,0,0,1,0,0,0,L,.188,.278,.188,.466,0,0,0
702176,Alan Roden,142,Twins,2026-07-18,1,1,0,0,0,0,0,0,0,0,L,.235,.316,.235,.551,0,0,1
702176,Alan Roden,142,Twins,2026-07-19,2,0,0,0,0,0,0,0,0,0,L,.211,.286,.211,.497,0,0,0
702176,Alan Roden,142,Twins,2026-07-20,2,0,0,0,0,1,0,1,0,1,L,.190,.280,.190,.470,1,0,0
702176,Alan Roden,142,Twins,2026-07-22,4,1,0,0,0,0,0,1,0,0,L,.200,.300,.200,.500,2,0,1
702176,Alan Roden,142,Twins,2026-07-23,3,1,0,0,0,1,0,0,0,0,L,.214,.303,.214,.517,0,0,1
702176,Alan Roden,142,Twins,2026-07-25,3,1,0,0,0,2,1,0,0,0,L,.226,.306,.226,.532,0,0,1
702176,Alan Roden,142,Twins,2026-07-26,1,0,0,0,0,0,1,0,0,0,L,.219,.297,.219,.516,0,0,0
702176,Alan Roden,142,Twins,2026-07-28,2,0,0,0,0,0,0,0,0,0,L,.206,.282,.206,.488,0,0,0
702176,Alan Roden,142,Twins,2026-07-29,3,0,0,0,0,0,1,0,0,0,L,.189,.262,.189,.451,0,0,0
656577,Alex Jackson,142,Twins,2026-06-28,3,1,0,0,0,0,0,0,0,0,R,.318,.348,.386,.734,0,0,1
656577,Alex Jackson,142,Twins,2026-06-30,1,0,0,0,0,0,1,0,0,0,R,.311,.340,.378,.718,0,0,0
656577,Alex Jackson,142,Twins,2026-07-04,5,1,0,0,1,1,1,0,0,0,R,.300,.327,.420,.747,1,0,4
656577,Alex Jackson,142,Twins,2026-07-08,1,1,0,0,0,0,0,0,0,0,R,.314,.340,.431,.771,0,0,1
656577,Alex Jackson,142,Twins,2026-07-09,3,0,0,0,0,0,1,0,0,0,R,.296,.321,.407,.728,0,0,0
656577,Alex Jackson,142,Twins,2026-07-19,1,1,0,0,0,0,0,0,0,0,R,.309,.333,.418,.751,0,0,1
656577,Alex Jackson,142,Twins,2026-07-20,0,0,0,0,0,0,0,0,0,0,R,.309,.333,.418,.751,0,0,0
656577,Alex Jackson,142,Twins,2026-07-22,4,2,1,0,0,1,1,1,0,0,R,.322,.355,.441,.796,3,0,3
656577,Alex Jackson,142,Twins,2026-07-26,3,1,0,0,0,0,2,0,0,0,R,.323,.354,.435,.789,1,0,1
656577,Alex Jackson,142,Twins,2026-07-28,0,0,0,0,0,0,0,0,0,0,R,.323,.354,.435,.789,0,0,0
668885,Austin Martin,142,Twins,2026-07-19,4,1,0,0,0,0,1,0,0,0,R,.245,.356,.321,.677,1,0,1
668885,Austin Martin,142,Twins,2026-07-20,1,0,0,0,0,0,0,1,0,0,R,.244,.357,.319,.676,0,0,0
668885,Austin Martin,142,Twins,2026-07-21,3,0,0,0,0,0,1,0,0,0,R,.241,.353,.315,.668,0,0,0
668885,Austin Martin,142,Twins,2026-07-22,0,0,0,0,0,0,0,0,0,0,R,.241,.353,.315,.668,0,0,0
668885,Austin Martin,142,Twins,2026-07-23,2,0,0,0,0,0,2,0,0,0,R,.239,.351,.313,.664,0,0,0
668885,Austin Martin,142,Twins,2026-07-24,2,1,1,0,0,0,0,2,0,0,R,.241,.356,.318,.674,0,0,2
668885,Austin Martin,142,Twins,2026-07-25,0,0,0,0,0,0,0,0,0,0,R,.241,.356,.318,.674,0,0,0
668885,Austin Martin,142,Twins,2026-07-26,3,1,1,0,0,1,0,1,0,1,R,.242,.357,.323,.680,2,0,2
668885,Austin Martin,142,Twins,2026-07-28,0,0,0,0,0,0,0,0,0,0,R,.242,.357,.323,.680,0,0,0
668885,Austin Martin,142,Twins,2026-07-29,1,1,0,0,0,0,0,0,0,0,R,.245,.359,.325,.684,0,0,1
686797,Brooks Lee,142,Twins,2026-07-18,4,1,0,0,0,0,1,0,0,0,S,.249,.308,.424,.732,0,0,1
686797,Brooks Lee,142,Twins,2026-07-19,4,1,0,0,0,0,1,0,0,0,S,.249,.307,.422,.729,0,0,1
686797,Brooks Lee,142,Twins,2026-07-20,4,2,0,1,0,1,1,0,0,0,S,.252,.309,.429,.738,1,0,4
686797,Brooks Lee,142,Twins,2026-07-22,5,2,0,0,1,4,2,0,0,0,S,.254,.310,.436,.746,1,0,5
686797,Brooks Lee,142,Twins,2026-07-23,5,0,0,0,0,0,1,0,0,0,S,.251,.307,.431,.738,0,1,0
686797,Brooks Lee,142,Twins,2026-07-24,4,0,0,0,0,0,0,0,0,0,S,.248,.303,.426,.729,0,0,0
686797,Brooks Lee,142,Twins,2026-07-25,3,0,0,0,0,0,1,0,0,0,S,.246,.301,.422,.723,0,0,0
686797,Brooks Lee,142,Twins,2026-07-26,3,1,0,0,0,0,0,1,0,0,S,.247,.303,.422,.725,2,0,1
686797,Brooks Lee,142,Twins,2026-07-28,3,1,1,0,0,0,0,1,0,0,S,.247,.305,.424,.729,1,0,2
686797,Brooks Lee,142,Twins,2026-07-29,4,0,0,0,0,0,1,0,0,0,S,.245,.302,.419,.721,0,0,0
605137,Josh Bell,142,Twins,2026-07-18,4,1,0,0,0,0,0,0,0,0,S,.248,.305,.425,.730,0,0,1
605137,Josh Bell,142,Twins,2026-07-19,3,1,0,0,0,0,1,1,0,0,S,.249,.307,.424,.731,0,0,1
605137,Josh Bell,142,Twins,2026-07-20,4,2,1,0,0,0,1,0,0,0,S,.251,.309,.427,.736,1,0,3
605137,Josh Bell,142,Twins,2026-07-21,4,1,1,0,0,0,2,0,0,0,S,.251,.309,.428,.737,1,0,2
605137,Josh Bell,142,Twins,2026-07-22,5,1,0,0,0,2,0,0,0,0,S,.251,.308,.425,.733,0,0,1
605137,Josh Bell,142,Twins,2026-07-23,5,0,0,0,0,0,4,0,0,0,S,.247,.304,.419,.723,0,0,0
605137,Josh Bell,142,Twins,2026-07-24,3,0,0,0,0,0,0,1,0,0,S,.245,.303,.416,.719,0,0,0
605137,Josh Bell,142,Twins,2026-07-25,3,0,0,0,0,0,1,1,0,0,S,.243,.303,.413,.716,1,0,0
605137,Josh Bell,142,Twins,2026-07-28,4,2,0,0,0,1,2,0,0,0,S,.246,.305,.414,.719,0,0,2
605137,Josh Bell,142,Twins,2026-07-29,3,0,0,0,0,0,0,1,0,0,S,.244,.304,.410,.714,0,0,0
665019,Kody Clemens,142,Twins,2026-07-18,4,2,0,0,2,2,2,0,0,0,L,.243,.302,.495,.797,2,0,8
665019,Kody Clemens,142,Twins,2026-07-19,2,0,0,0,0,0,0,0,0,0,L,.241,.300,.492,.792,0,0,0
665019,Kody Clemens,142,Twins,2026-07-20,5,0,0,0,0,0,2,0,0,0,L,.237,.296,.484,.780,0,0,0
665019,Kody Clemens,142,Twins,2026-07-21,4,2,0,0,0,0,1,0,0,0,L,.241,.298,.484,.782,0,0,2
665019,Kody Clemens,142,Twins,2026-07-22,5,1,1,0,0,0,2,0,0,0,L,.240,.297,.483,.780,0,0,2
665019,Kody Clemens,142,Twins,2026-07-23,5,1,0,0,0,0,0,0,0,0,L,.239,.295,.479,.774,0,1,1
665019,Kody Clemens,142,Twins,2026-07-25,3,0,0,0,0,0,1,1,0,0,L,.237,.295,.474,.769,0,0,0
665019,Kody Clemens,142,Twins,2026-07-26,5,3,0,2,0,1,0,0,0,0,L,.243,.299,.488,.787,2,0,7
665019,Kody Clemens,142,Twins,2026-07-28,3,1,1,0,0,0,0,0,1,0,L,.243,.301,.490,.791,1,0,2
665019,Kody Clemens,142,Twins,2026-07-29,4,1,0,0,0,0,0,0,0,0,L,.243,.301,.487,.788,0,0,1
807712,Luke Keaschall,142,Twins,2026-07-17,3,2,0,0,0,0,0,1,0,0,R,.262,.351,.353,.704,1,0,2
807712,Luke Keaschall,142,Twins,2026-07-18,3,1,0,0,0,0,1,0,0,0,R,.263,.351,.353,.704,0,0,1
807712,Luke Keaschall,142,Twins,2026-07-19,3,1,0,0,0,0,0,1,0,0,R,.263,.352,.352,.704,0,0,1
807712,Luke Keaschall,142,Twins,2026-07-21,4,0,0,0,0,0,2,0,0,0,R,.260,.349,.348,.697,0,0,0
807712,Luke Keaschall,142,Twins,2026-07-22,3,1,0,0,0,0,1,1,1,0,R,.261,.352,.348,.700,2,0,1
807712,Luke Keaschall,142,Twins,2026-07-23,4,1,0,0,0,1,0,1,0,0,R,.261,.353,.347,.700,0,0,1
807712,Luke Keaschall,142,Twins,2026-07-24,1,0,0,0,0,0,1,2,1,0,R,.260,.357,.346,.703,0,1,0
807712,Luke Keaschall,142,Twins,2026-07-26,3,0,0,0,0,1,1,0,0,1,R,.258,.353,.342,.695,0,0,0
807712,Luke Keaschall,142,Twins,2026-07-28,4,1,0,0,0,0,0,0,0,0,R,.257,.352,.341,.693,0,0,1
807712,Luke Keaschall,142,Twins,2026-07-29,3,1,0,0,0,0,0,0,0,0,R,.258,.352,.341,.693,0,0,1
668904,Royce Lewis,142,Twins,2026-07-19,3,1,1,0,0,1,0,0,0,1,R,.217,.292,.396,.688,0,0,2
668904,Royce Lewis,142,Twins,2026-07-20,3,1,0,0,0,0,1,1,0,0,R,.218,.295,.395,.690,1,0,1
668904,Royce Lewis,142,Twins,2026-07-21,3,0,0,0,0,0,0,1,0,0,R,.216,.294,.390,.684,0,0,0
668904,Royce Lewis,142,Twins,2026-07-22,5,1,0,0,0,0,1,0,0,0,R,.215,.292,.386,.678,0,0,1
668904,Royce Lewis,142,Twins,2026-07-23,3,0,0,0,0,0,0,2,0,0,R,.213,.294,.382,.676,2,1,0
668904,Royce Lewis,142,Twins,2026-07-24,2,0,0,0,0,0,1,2,0,0,R,.211,.297,.378,.675,0,2,0
668904,Royce Lewis,142,Twins,2026-07-25,4,1,1,0,0,0,1,0,0,0,R,.212,.297,.380,.677,1,0,2
668904,Royce Lewis,142,Twins,2026-07-26,5,1,0,0,0,1,0,0,0,0,R,.212,.295,.377,.672,1,1,1
668904,Royce Lewis,142,Twins,2026-07-28,1,1,0,1,0,2,0,1,0,0,R,.215,.300,.387,.687,0,0,3
668904,Royce Lewis,142,Twins,2026-07-29,4,1,0,0,0,0,1,0,0,0,R,.215,.299,.385,.684,0,0,1
680777,Ryan Jeffers,142,Twins,2026-07-10,4,1,1,0,0,0,0,1,0,0,R,.294,.408,.540,.948,0,0,2
680777,Ryan Jeffers,142,Twins,2026-07-12,4,1,1,0,0,2,1,0,0,0,R,.292,.404,.538,.942,0,0,2
680777,Ryan Jeffers,142,Twins,2026-07-17,4,1,0,0,1,3,1,0,0,0,R,.291,.400,.552,.952,1,0,4
680777,Ryan Jeffers,142,Twins,2026-07-18,3,1,0,0,0,0,0,1,0,0,R,.292,.402,.547,.949,0,0,1
680777,Ryan Jeffers,142,Twins,2026-07-19,2,0,0,0,0,0,1,1,0,0,R,.288,.401,.540,.941,0,0,0
680777,Ryan Jeffers,142,Twins,2026-07-21,4,1,0,0,1,1,0,0,0,0,R,.287,.398,.552,.950,1,0,4
680777,Ryan Jeffers,142,Twins,2026-07-23,5,1,0,0,0,0,3,0,0,0,R,.284,.392,.541,.933,1,0,1
680777,Ryan Jeffers,142,Twins,2026-07-24,4,1,0,0,0,0,1,0,0,0,R,.283,.389,.533,.922,0,0,1
680777,Ryan Jeffers,142,Twins,2026-07-26,5,3,0,0,0,3,1,0,0,0,R,.293,.395,.535,.930,0,0,3
680777,Ryan Jeffers,142,Twins,2026-07-28,3,1,0,0,0,0,0,1,0,0,R,.294,.397,.531,.928,0,0,1
668952,Ryan Kreidler,142,Twins,2026-07-19,4,1,0,0,0,0,0,0,0,0,R,.254,.318,.420,.738,0,0,1
668952,Ryan Kreidler,142,Twins,2026-07-20,4,0,0,0,0,0,1,0,0,0,R,.246,.310,.408,.718,0,0,0
668952,Ryan Kreidler,142,Twins,2026-07-21,3,0,0,0,0,0,2,0,0,0,R,.241,.304,.400,.704,0,0,0
668952,Ryan Kreidler,142,Twins,2026-07-22,3,0,0,0,0,0,1,0,0,0,R,.236,.298,.392,.690,0,0,0
668952,Ryan Kreidler,142,Twins,2026-07-23,2,0,0,0,0,0,1,0,0,0,R,.233,.294,.387,.681,0,0,0
668952,Ryan Kreidler,142,Twins,2026-07-24,3,0,0,0,0,0,0,0,0,0,R,.229,.289,.379,.668,0,0,0
668952,Ryan Kreidler,142,Twins,2026-07-25,3,1,1,0,0,0,0,0,0,0,R,.231,.290,.385,.675,0,1,2
668952,Ryan Kreidler,142,Twins,2026-07-26,4,3,2,1,0,1,0,0,0,0,R,.244,.301,.419,.720,3,2,7
668952,Ryan Kreidler,142,Twins,2026-07-28,4,1,0,0,0,0,2,0,0,0,R,.244,.299,.415,.714,0,0,1
668952,Ryan Kreidler,142,Twins,2026-07-29,3,1,1,0,0,0,0,0,0,0,R,.246,.300,.419,.719,0,0,2
663616,Trevor Larnach,142,Twins,2026-07-12,4,2,0,0,1,2,0,0,0,0,L,.289,.379,.451,.830,2,0,5
663616,Trevor Larnach,142,Twins,2026-07-17,3,1,0,0,0,1,1,1,0,0,L,.289,.381,.449,.830,1,0,1
663616,Trevor Larnach,142,Twins,2026-07-18,3,0,0,0,0,0,0,0,0,0,L,.286,.377,.444,.821,0,0,0
663616,Trevor Larnach,142,Twins,2026-07-20,5,2,1,0,0,1,2,0,0,0,L,.288,.377,.447,.824,0,0,3
663616,Trevor Larnach,142,Twins,2026-07-21,1,1,0,0,0,0,0,0,0,0,L,.291,.380,.449,.829,0,0,1
663616,Trevor Larnach,142,Twins,2026-07-22,4,2,0,0,1,3,0,1,0,0,L,.294,.383,.461,.844,2,0,5
663616,Trevor Larnach,142,Twins,2026-07-23,3,1,0,0,0,1,1,0,0,0,L,.294,.383,.460,.843,0,0,1
663616,Trevor Larnach,142,Twins,2026-07-25,4,1,0,0,0,0,1,0,0,0,L,.293,.381,.457,.838,0,0,1
663616,Trevor Larnach,142,Twins,2026-07-28,2,0,0,0,0,0,0,1,0,0,L,.291,.381,.453,.834,0,0,0
663616,Trevor Larnach,142,Twins,2026-07-29,3,0,0,0,0,0,0,0,0,0,L,.288,.377,.448,.825,0,0,0
656484,Tristan Gray,142,Twins,2026-06-27,4,1,0,0,0,0,2,0,0,0,L,.248,.287,.366,.653,1,0,1
656484,Tristan Gray,142,Twins,2026-06-29,3,0,0,0,0,0,0,1,0,0,L,.243,.286,.358,.644,0,0,0
656484,Tristan Gray,142,Twins,2026-06-30,3,0,0,0,0,0,1,0,0,0,L,.238,.280,.351,.631,0,0,0
656484,Tristan Gray,142,Twins,2026-07-01,4,0,0,0,0,0,2,0,0,0,L,.232,.274,.342,.616,0,0,0
656484,Tristan Gray,142,Twins,2026-07-03,4,0,0,0,0,0,3,0,0,0,L,.226,.267,.333,.600,0,0,0
656484,Tristan Gray,142,Twins,2026-07-09,3,1,0,0,0,1,1,0,0,0,L,.228,.269,.333,.602,0,0,1
656484,Tristan Gray,142,Twins,2026-07-10,2,1,0,0,0,0,0,0,0,0,L,.232,.271,.335,.606,0,0,1
656484,Tristan Gray,142,Twins,2026-07-11,2,1,0,0,0,0,0,0,0,0,L,.235,.274,.337,.611,0,0,1
656484,Tristan Gray,142,Twins,2026-07-17,2,0,0,0,0,0,1,0,0,0,L,.232,.271,.333,.604,1,0,0
656484,Tristan Gray,142,Twins,2026-07-19,0,0,0,0,0,0,0,0,0,0,L,.232,.271,.333,.604,0,0,0
605170,Victor Caratini,142,Twins,2026-07-11,2,1,1,0,0,1,0,1,0,0,S,.240,.333,.371,.704,2,0,2
605170,Victor Caratini,142,Twins,2026-07-18,4,1,0,0,0,0,0,0,0,0,S,.240,.332,.369,.701,0,0,1
605170,Victor Caratini,142,Twins,2026-07-19,4,1,0,0,0,0,0,0,0,0,S,.240,.331,.367,.698,0,0,1
605170,Victor Caratini,142,Twins,2026-07-20,4,1,1,0,0,1,1,0,0,0,S,.240,.330,.369,.699,0,0,2
605170,Victor Caratini,142,Twins,2026-07-21,4,0,0,0,0,0,1,0,0,0,S,.236,.325,.363,.688,0,0,0
605170,Victor Caratini,142,Twins,2026-07-22,2,0,0,0,0,0,1,0,0,0,S,.234,.323,.360,.683,0,0,0
605170,Victor Caratini,142,Twins,2026-07-24,4,0,0,0,0,0,3,0,0,0,S,.230,.318,.354,.672,0,0,0
605170,Victor Caratini,142,Twins,2026-07-25,3,2,0,0,0,0,0,0,0,0,S,.236,.322,.358,.680,0,0,2
605170,Victor Caratini,142,Twins,2026-07-28,4,2,0,0,0,0,0,0,0,0,S,.240,.324,.360,.684,1,0,2
605170,Victor Caratini,142,Twins,2026-07-29,4,0,0,0,0,0,1,0,0,0,S,.236,.320,.354,.674,0,0,0
663586,Austin Riley,144,Braves,2026-07-20,2,0,0,0,0,0,0,1,0,0,R,.216,.297,.359,.656,0,0,0
663586,Austin Riley,144,Braves,2026-07-21,4,0,0,0,0,0,2,0,0,0,R,.213,.294,.355,.649,0,0,0
663586,Austin Riley,144,Braves,2026-07-22,5,2,0,0,0,1,3,0,0,0,R,.216,.295,.355,.650,0,0,2
663586,Austin Riley,144,Braves,2026-07-23,4,1,0,0,0,0,3,0,0,0,R,.216,.295,.354,.649,0,0,1
663586,Austin Riley,144,Braves,2026-07-24,4,2,0,0,0,1,0,0,0,0,R,.219,.297,.356,.653,0,0,2
663586,Austin Riley,144,Braves,2026-07-25,4,0,0,0,0,0,3,0,0,0,R,.217,.294,.352,.646,0,0,0
663586,Austin Riley,144,Braves,2026-07-26,4,1,1,0,0,1,1,1,0,0,R,.217,.295,.353,.648,0,0,2
663586,Austin Riley,144,Braves,2026-07-27,3,0,0,0,0,0,2,0,0,0,R,.216,.293,.351,.644,0,0,0
663586,Austin Riley,144,Braves,2026-07-29,4,0,0,0,0,0,3,0,0,0,R,.213,.290,.347,.637,0,0,0
663586,Austin Riley,144,Braves,2026-07-29,3,0,0,0,0,0,3,0,1,0,R,.212,.290,.344,.634,0,1,0
642086,Dominic Smith,144,Braves,2026-07-11,0,0,0,0,0,0,0,0,1,0,L,.264,.313,.389,.702,0,0,0
642086,Dominic Smith,144,Braves,2026-07-12,1,0,0,0,0,0,0,1,0,0,L,.263,.315,.388,.703,1,0,0
642086,Dominic Smith,144,Braves,2026-07-17,3,1,0,0,0,0,1,2,0,0,L,.264,.321,.387,.708,2,0,1
642086,Dominic Smith,144,Braves,2026-07-18,1,0,0,0,0,0,0,0,0,0,L,.263,.319,.385,.704,0,0,0
642086,Dominic Smith,144,Braves,2026-07-19,3,0,0,0,0,0,1,0,0,0,L,.259,.315,.380,.695,0,0,0
642086,Dominic Smith,144,Braves,2026-07-22,1,1,0,0,0,1,0,0,0,0,L,.263,.318,.382,.700,0,0,1
642086,Dominic Smith,144,Braves,2026-07-23,3,1,0,0,1,3,0,0,0,0,L,.264,.318,.395,.713,1,0,4
642086,Dominic Smith,144,Braves,2026-07-24,1,0,0,0,0,0,1,0,0,0,L,.262,.317,.394,.711,0,0,0
642086,Dominic Smith,144,Braves,2026-07-25,3,0,0,0,0,0,0,1,0,0,L,.259,.316,.388,.704,0,0,0
642086,Dominic Smith,144,Braves,2026-07-26,5,3,0,0,0,2,0,0,0,0,L,.266,.322,.393,.715,0,0,3
686948,Drake Baldwin,144,Braves,2026-07-20,4,0,0,0,0,0,2,0,0,0,L,.273,.358,.475,.833,0,0,0
686948,Drake Baldwin,144,Braves,2026-07-21,2,0,0,0,0,0,0,3,0,0,L,.271,.362,.472,.834,0,0,0
686948,Drake Baldwin,144,Braves,2026-07-22,3,2,0,0,0,0,0,2,0,0,L,.275,.368,.474,.842,2,0,2
686948,Drake Baldwin,144,Braves,2026-07-23,4,1,0,0,1,1,0,0,0,0,L,.275,.366,.480,.846,1,0,4
686948,Drake Baldwin,144,Braves,2026-07-24,5,1,0,0,1,1,3,0,0,0,L,.273,.364,.486,.850,1,0,4
686948,Drake Baldwin,144,Braves,2026-07-25,4,1,0,0,0,0,1,0,0,0,L,.273,.363,.483,.846,0,0,1
686948,Drake Baldwin,144,Braves,2026-07-26,3,2,0,0,0,0,1,3,0,0,L,.277,.371,.484,.855,0,0,2
686948,Drake Baldwin,144,Braves,2026-07-27,4,1,0,0,0,0,1,0,0,0,L,.276,.369,.481,.850,0,0,1
686948,Drake Baldwin,144,Braves,2026-07-29,4,2,1,0,0,0,0,0,0,0,L,.279,.371,.485,.856,1,0,3
686948,Drake Baldwin,144,Braves,2026-07-29,4,2,0,0,0,0,1,0,0,0,L,.282,.372,.485,.857,0,0,2
642201,Eli White,144,Braves,2026-07-19,1,0,0,0,0,0,0,0,0,0,R,.225,.277,.408,.685,1,0,0
642201,Eli White,144,Braves,2026-07-20,2,0,0,0,0,0,2,1,0,0,R,.221,.278,.402,.680,0,0,0
642201,Eli White,144,Braves,2026-07-22,1,0,0,0,0,0,0,0,0,0,R,.220,.276,.398,.674,0,0,0
642201,Eli White,144,Braves,2026-07-23,0,0,0,0,0,0,0,0,0,0,R,.220,.276,.398,.674,0,0,0
642201,Eli White,144,Braves,2026-07-24,3,0,0,0,0,0,0,0,0,0,R,.214,.270,.389,.659,0,0,0
642201,Eli White,144,Braves,2026-07-25,1,1,1,0,0,0,0,0,0,0,R,.220,.275,.402,.677,0,0,2
642201,Eli White,144,Braves,2026-07-26,1,0,0,0,0,0,0,0,0,0,R,.219,.273,.398,.671,0,0,0
642201,Eli White,144,Braves,2026-07-27,0,0,0,0,0,0,0,0,0,0,R,.219,.273,.398,.671,0,0,0
642201,Eli White,144,Braves,2026-07-29,2,2,0,0,0,0,0,0,0,0,R,.231,.284,.408,.692,0,0,2
642201,Eli White,144,Braves,2026-07-29,2,1,0,0,0,0,0,0,0,0,R,.235,.287,.409,.696,0,0,1
805347,Jim Jarvis,144,Braves,2026-07-19,4,0,0,0,0,0,1,0,0,0,L,.286,.318,.429,.747,0,0,0
805347,Jim Jarvis,144,Braves,2026-07-20,3,0,0,0,0,0,0,0,0,0,L,.267,.298,.400,.698,0,0,0
805347,Jim Jarvis,144,Braves,2026-07-21,3,2,0,1,0,2,0,1,0,0,L,.292,.333,.458,.791,1,0,4
805347,Jim Jarvis,144,Braves,2026-07-22,4,2,1,0,0,1,0,0,0,0,L,.308,.345,.481,.826,1,0,3
805347,Jim Jarvis,144,Braves,2026-07-23,3,0,0,0,0,0,2,0,0,0,L,.291,.328,.455,.783,0,0,0
805347,Jim Jarvis,144,Braves,2026-07-24,1,0,0,0,0,1,0,0,0,0,L,.286,.322,.446,.768,1,0,0
805347,Jim Jarvis,144,Braves,2026-07-25,3,0,0,0,0,0,0,0,0,0,L,.271,.306,.424,.730,0,0,0
805347,Jim Jarvis,144,Braves,2026-07-26,2,0,0,0,0,0,0,1,0,0,L,.262,.308,.410,.718,0,0,0
805347,Jim Jarvis,144,Braves,2026-07-27,3,0,0,0,0,0,0,0,0,0,L,.250,.294,.391,.685,0,0,0
805347,Jim Jarvis,144,Braves,2026-07-29,4,1,1,0,0,0,1,0,0,0,L,.250,.292,.397,.689,1,0,2
663698,Joey Bart,144,Braves,2026-07-08,3,1,0,0,1,2,0,0,0,0,R,.229,.286,.398,.684,1,0,4
663698,Joey Bart,144,Braves,2026-07-10,1,0,0,0,0,0,1,0,0,0,R,.226,.283,.393,.676,0,0,0
663698,Joey Bart,144,Braves,2026-07-11,4,0,0,0,0,0,2,0,0,0,R,.216,.271,.375,.646,0,0,0
663698,Joey Bart,144,Braves,2026-07-17,1,0,0,0,0,0,0,0,0,0,R,.213,.268,.371,.639,0,0,0
663698,Joey Bart,144,Braves,2026-07-18,1,0,0,0,0,0,0,1,1,0,R,.211,.280,.367,.647,0,0,0
663698,Joey Bart,144,Braves,2026-07-20,3,1,1,0,0,1,2,0,0,0,R,.215,.282,.376,.658,0,0,2
663698,Joey Bart,144,Braves,2026-07-21,1,0,0,0,0,0,0,1,0,0,R,.213,.286,.372,.658,0,0,0
663698,Joey Bart,144,Braves,2026-07-24,4,2,1,0,0,0,1,0,0,0,R,.224,.294,.388,.682,1,0,3
663698,Joey Bart,144,Braves,2026-07-27,3,1,0,0,0,0,1,0,0,0,R,.228,.295,.386,.681,0,0,1
663698,Joey Bart,144,Braves,2026-07-29,2,1,0,0,0,0,0,0,1,0,R,.233,.304,.388,.692,0,0,1
622761,Jorge Mateo,144,Braves,2026-07-04,4,1,0,0,0,0,2,0,0,0,R,.252,.294,.395,.689,0,0,1
622761,Jorge Mateo,144,Braves,2026-07-05,2,0,0,0,0,0,1,0,0,0,R,.248,.289,.388,.677,0,0,0
622761,Jorge Mateo,144,Braves,2026-07-06,0,0,0,0,0,0,0,1,0,0,R,.248,.295,.388,.683,0,0,0
622761,Jorge Mateo,144,Braves,2026-07-08,3,0,0,0,0,0,2,0,0,0,R,.242,.288,.379,.667,0,0,0
622761,Jorge Mateo,144,Braves,2026-07-10,0,0,0,0,0,0,0,0,0,0,R,.242,.288,.379,.667,0,0,0
622761,Jorge Mateo,144,Braves,2026-07-11,2,0,0,0,0,0,0,0,0,0,R,.238,.284,.373,.657,0,0,0
622761,Jorge Mateo,144,Braves,2026-07-17,1,1,1,0,0,0,0,0,0,0,R,.244,.289,.386,.675,1,0,2
622761,Jorge Mateo,144,Braves,2026-07-24,2,0,0,0,0,0,0,0,0,0,R,.240,.285,.380,.665,0,0,0
622761,Jorge Mateo,144,Braves,2026-07-26,0,0,0,0,0,0,0,0,0,0,R,.240,.285,.380,.665,1,0,0
622761,Jorge Mateo,144,Braves,2026-07-29,0,0,0,0,0,0,0,0,0,0,R,.240,.285,.380,.665,0,1,0
621566,Matt Olson,144,Braves,2026-07-20,3,0,0,0,0,0,0,0,0,0,L,.267,.341,.534,.875,0,0,0
621566,Matt Olson,144,Braves,2026-07-21,4,1,0,0,0,0,1,1,0,0,L,.267,.342,.531,.873,0,0,1
621566,Matt Olson,144,Braves,2026-07-22,3,2,0,0,0,1,0,2,0,0,L,.270,.347,.532,.879,1,0,2
621566,Matt Olson,144,Braves,2026-07-23,4,0,0,0,0,0,1,0,0,0,L,.267,.344,.526,.870,0,0,0
621566,Matt Olson,144,Braves,2026-07-24,5,2,0,0,1,3,2,0,0,0,L,.269,.344,.532,.876,1,0,5
621566,Matt Olson,144,Braves,2026-07-25,3,0,0,0,0,0,1,1,0,0,L,.267,.344,.528,.872,1,0,0
621566,Matt Olson,144,Braves,2026-07-26,5,1,1,0,0,0,2,1,0,0,L,.266,.343,.527,.870,1,0,2
621566,Matt Olson,144,Braves,2026-07-27,3,0,0,0,0,0,2,1,0,0,L,.264,.343,.523,.866,1,0,0
621566,Matt Olson,144,Braves,2026-07-29,4,1,0,0,1,2,2,0,0,0,L,.264,.342,.528,.870,1,0,4
621566,Matt Olson,144,Braves,2026-07-29,4,1,0,0,0,1,2,0,0,0,L,.264,.341,.525,.866,0,0,1
643289,Mauricio Dubón,144,Braves,2026-07-20,2,0,0,0,0,0,1,0,0,0,R,.265,.316,.415,.731,1,0,0
643289,Mauricio Dubón,144,Braves,2026-07-21,3,0,0,0,0,0,0,1,0,0,R,.262,.315,.412,.727,1,0,0
643289,Mauricio Dubón,144,Braves,2026-07-22,5,2,1,0,0,0,1,0,0,0,R,.264,.316,.414,.730,1,0,3
643289,Mauricio Dubón,144,Braves,2026-07-23,3,1,0,0,0,0,0,0,0,0,R,.265,.317,.414,.731,1,0,1
643289,Mauricio Dubón,144,Braves,2026-07-24,4,1,0,0,0,1,0,0,0,1,R,.265,.315,.412,.727,0,0,1
643289,Mauricio Dubón,144,Braves,2026-07-25,4,1,0,0,0,1,0,0,0,0,R,.265,.314,.410,.724,0,0,1
643289,Mauricio Dubón,144,Braves,2026-07-26,4,0,0,0,0,0,0,1,0,0,R,.262,.313,.406,.719,0,0,0
643289,Mauricio Dubón,144,Braves,2026-07-27,3,0,0,0,0,0,0,0,0,0,R,.260,.311,.403,.714,0,0,0
643289,Mauricio Dubón,144,Braves,2026-07-29,4,1,0,0,0,0,0,0,0,0,R,.260,.310,.401,.711,0,0,1
643289,Mauricio Dubón,144,Braves,2026-07-29,4,1,0,0,0,0,0,0,0,0,R,.260,.310,.399,.709,0,0,1
671739,Michael Harris II,144,Braves,2026-07-20,3,1,0,0,1,1,0,0,0,0,L,.301,.331,.506,.837,1,0,4
671739,Michael Harris II,144,Braves,2026-07-21,4,1,1,0,0,0,0,0,0,0,L,.301,.330,.506,.836,0,0,2
671739,Michael Harris II,144,Braves,2026-07-22,5,0,0,0,0,1,1,0,0,0,L,.296,.325,.499,.824,0,0,0
671739,Michael Harris II,144,Braves,2026-07-23,4,2,0,0,1,1,1,0,0,0,L,.299,.327,.507,.834,2,0,5
671739,Michael Harris II,144,Braves,2026-07-24,5,2,1,0,0,0,1,0,0,0,L,.300,.328,.508,.836,1,0,3
671739,Michael Harris II,144,Braves,2026-07-25,4,1,1,0,0,0,1,0,0,0,L,.299,.327,.508,.835,0,0,2
671739,Michael Harris II,144,Braves,2026-07-26,5,1,0,0,0,0,0,0,0,0,L,.298,.326,.504,.830,1,0,1
671739,Michael Harris II,144,Braves,2026-07-27,3,1,0,0,0,0,1,0,0,0,L,.298,.326,.503,.829,0,0,1
671739,Michael Harris II,144,Braves,2026-07-29,3,0,0,0,0,0,0,1,0,0,L,.296,.325,.499,.824,0,0,0
671739,Michael Harris II,144,Braves,2026-07-29,4,0,0,0,0,0,1,0,0,0,L,.293,.322,.494,.816,0,0,0
573262,Mike Yastrzemski,144,Braves,2026-07-09,3,1,0,0,1,4,1,2,0,0,L,.229,.320,.361,.681,2,0,4
573262,Mike Yastrzemski,144,Braves,2026-07-10,3,1,1,0,0,0,1,0,0,0,L,.230,.321,.365,.686,1,0,2
573262,Mike Yastrzemski,144,Braves,2026-07-21,2,0,0,0,0,0,0,0,0,0,L,.228,.318,.362,.680,0,0,0
573262,Mike Yastrzemski,144,Braves,2026-07-22,3,0,0,0,0,0,2,0,0,0,L,.226,.315,.357,.672,0,0,0
573262,Mike Yastrzemski,144,Braves,2026-07-23,3,1,0,0,0,0,1,0,0,0,L,.227,.315,.357,.672,0,0,1
573262,Mike Yastrzemski,144,Braves,2026-07-24,1,0,0,0,0,0,1,0,0,0,L,.226,.314,.356,.670,0,0,0
573262,Mike Yastrzemski,144,Braves,2026-07-25,2,1,0,0,0,0,1,0,0,0,L,.228,.315,.357,.672,0,0,1
573262,Mike Yastrzemski,144,Braves,2026-07-26,2,0,0,0,0,0,1,1,0,0,L,.226,.315,.354,.669,0,0,0
573262,Mike Yastrzemski,144,Braves,2026-07-29,1,0,0,0,0,0,0,0,0,0,L,.225,.314,.352,.666,0,0,0
573262,Mike Yastrzemski,144,Braves,2026-07-29,2,0,0,0,0,0,2,0,0,0,L,.224,.312,.350,.662,0,0,0
645277,Ozzie Albies,144,Braves,2026-07-20,4,2,0,0,1,1,1,0,0,0,S,.266,.317,.438,.755,1,0,5
645277,Ozzie Albies,144,Braves,2026-07-21,5,0,0,0,0,0,3,0,0,0,S,.262,.313,.432,.745,0,0,0
645277,Ozzie Albies,144,Braves,2026-07-22,4,1,0,0,0,1,2,1,0,0,S,.262,.314,.430,.744,1,0,1
645277,Ozzie Albies,144,Braves,2026-07-23,4,2,0,0,1,1,0,0,0,0,S,.264,.316,.438,.754,1,0,5
645277,Ozzie Albies,144,Braves,2026-07-24,5,1,0,0,0,0,3,0,0,0,S,.264,.315,.435,.750,1,0,1
645277,Ozzie Albies,144,Braves,2026-07-25,4,1,0,0,1,1,1,0,0,0,S,.264,.314,.441,.755,1,0,4
645277,Ozzie Albies,144,Braves,2026-07-26,6,0,0,0,0,0,1,0,0,0,S,.260,.310,.434,.744,0,0,0
645277,Ozzie Albies,144,Braves,2026-07-27,4,2,0,0,1,3,0,0,0,0,S,.262,.312,.442,.754,1,0,5
645277,Ozzie Albies,144,Braves,2026-07-29,4,0,0,0,0,0,0,0,0,0,S,.260,.309,.438,.747,0,0,0
645277,Ozzie Albies,144,Braves,2026-07-29,3,1,0,0,0,0,1,1,0,0,S,.260,.311,.437,.748,0,0,1
660670,Ronald Acuña Jr.,144,Braves,2026-06-02,3,0,0,0,0,0,2,1,0,0,R,.249,.377,.434,.811,1,0,0
660670,Ronald Acuña Jr.,144,Braves,2026-06-03,4,1,1,0,0,0,1,0,0,0,R,.249,.375,.435,.810,0,1,2
660670,Ronald Acuña Jr.,144,Braves,2026-06-04,4,1,0,0,0,0,1,0,0,0,R,.249,.373,.431,.804,1,1,1
660670,Ronald Acuña Jr.,144,Braves,2026-06-05,4,2,0,0,0,1,0,1,0,0,R,.254,.378,.432,.810,0,0,2
660670,Ronald Acuña Jr.,144,Braves,2026-06-06,4,2,0,0,0,0,0,0,0,0,R,.259,.380,.434,.814,2,1,2
660670,Ronald Acuña Jr.,144,Braves,2026-06-07,4,0,0,0,0,0,3,0,0,0,R,.254,.373,.425,.798,0,0,0
660670,Ronald Acuña Jr.,144,Braves,2026-06-09,2,0,0,0,0,0,1,0,1,0,R,.251,.373,.421,.794,0,0,0
660670,Ronald Acuña Jr.,144,Braves,2026-07-27,4,1,0,0,0,0,2,0,0,0,R,.251,.371,.417,.788,1,0,1
660670,Ronald Acuña Jr.,144,Braves,2026-07-29,3,0,0,0,0,0,1,1,0,0,R,.248,.369,.411,.780,0,0,0
660670,Ronald Acuña Jr.,144,Braves,2026-07-29,4,0,0,0,0,0,1,0,0,0,R,.243,.363,.403,.766,0,0,0
643217,Andrew Benintendi,145,White Sox,2026-07-19,2,1,1,0,0,1,0,1,0,1,L,.243,.306,.427,.733,1,0,2
643217,Andrew Benintendi,145,White Sox,2026-07-20,3,1,1,0,0,3,0,0,0,0,L,.244,.307,.430,.737,0,0,2
643217,Andrew Benintendi,145,White Sox,2026-07-21,3,0,0,0,0,0,1,0,0,0,L,.242,.304,.425,.729,0,0,0
643217,Andrew Benintendi,145,White Sox,2026-07-22,4,2,0,0,0,2,1,0,0,0,L,.245,.306,.426,.732,0,0,2
643217,Andrew Benintendi,145,White Sox,2026-07-24,2,0,0,0,0,0,1,1,0,0,L,.244,.306,.423,.729,1,0,0
643217,Andrew Benintendi,145,White Sox,2026-07-25,3,0,0,0,0,0,3,0,0,0,L,.241,.304,.418,.722,0,0,0
643217,Andrew Benintendi,145,White Sox,2026-07-26,4,1,0,0,0,1,1,0,0,0,L,.241,.303,.416,.719,0,0,1
643217,Andrew Benintendi,145,White Sox,2026-07-27,1,0,0,0,0,0,1,0,0,0,L,.240,.302,.415,.717,0,0,0
643217,Andrew Benintendi,145,White Sox,2026-07-28,4,1,0,0,0,0,1,0,0,0,L,.241,.301,.412,.713,0,0,1
643217,Andrew Benintendi,145,White Sox,2026-07-29,4,1,1,0,0,1,0,1,0,0,L,.241,.303,.414,.717,0,0,2
695731,Braden Montgomery,145,White Sox,2026-07-19,4,2,0,0,0,1,1,0,0,0,S,.241,.305,.414,.719,0,0,2
695731,Braden Montgomery,145,White Sox,2026-07-20,4,1,1,0,0,1,0,1,0,0,S,.242,.308,.417,.725,0,0,2
695731,Braden Montgomery,145,White Sox,2026-07-21,4,0,0,0,0,0,0,0,0,0,S,.234,.299,.403,.702,0,0,0
695731,Braden Montgomery,145,White Sox,2026-07-22,3,1,0,0,0,0,0,1,0,0,S,.236,.305,.402,.707,3,0,1
695731,Braden Montgomery,145,White Sox,2026-07-24,5,3,0,0,0,1,2,0,0,0,S,.250,.315,.409,.724,1,0,3
695731,Braden Montgomery,145,White Sox,2026-07-25,4,1,0,0,0,0,2,0,0,0,S,.250,.313,.404,.717,0,0,1
695731,Braden Montgomery,145,White Sox,2026-07-26,2,0,0,0,0,0,0,1,1,0,S,.246,.318,.399,.717,0,0,0
695731,Braden Montgomery,145,White Sox,2026-07-27,3,1,0,1,0,1,1,1,0,0,S,.248,.323,.411,.734,0,0,3
695731,Braden Montgomery,145,White Sox,2026-07-28,3,2,0,0,0,0,1,1,0,0,S,.257,.333,.417,.750,1,0,2
695731,Braden Montgomery,145,White Sox,2026-07-29,4,0,0,0,0,0,2,1,0,0,S,.250,.329,.405,.734,0,0,0
805367,Chase Meidroth,145,White Sox,2026-07-18,3,1,0,0,0,0,1,0,0,0,R,.272,.343,.380,.723,0,0,1
805367,Chase Meidroth,145,White Sox,2026-07-20,3,1,0,0,0,0,1,1,0,0,R,.272,.344,.379,.723,1,0,1
805367,Chase Meidroth,145,White Sox,2026-07-21,4,0,0,0,0,0,1,0,0,0,R,.269,.341,.375,.716,0,0,0
805367,Chase Meidroth,145,White Sox,2026-07-22,4,4,0,0,0,2,0,0,0,0,R,.277,.347,.382,.729,0,0,4
805367,Chase Meidroth,145,White Sox,2026-07-24,3,1,1,0,0,2,1,0,1,0,R,.278,.349,.384,.733,0,0,2
805367,Chase Meidroth,145,White Sox,2026-07-25,3,0,0,0,0,0,1,0,0,0,R,.276,.346,.381,.727,0,0,0
805367,Chase Meidroth,145,White Sox,2026-07-26,3,1,0,0,1,1,1,1,0,0,R,.276,.348,.389,.737,2,0,4
805367,Chase Meidroth,145,White Sox,2026-07-27,4,1,1,0,0,1,1,0,0,1,R,.276,.346,.390,.736,0,0,2
805367,Chase Meidroth,145,White Sox,2026-07-28,4,1,0,0,1,2,0,0,0,0,R,.276,.345,.396,.741,1,0,4
805367,Chase Meidroth,145,White Sox,2026-07-29,4,1,1,0,0,0,0,0,0,0,R,.275,.344,.397,.741,1,0,2
695657,Colson Montgomery,145,White Sox,2026-07-17,4,2,1,0,0,3,1,1,0,0,L,.223,.306,.472,.778,2,0,3
695657,Colson Montgomery,145,White Sox,2026-07-18,3,0,0,0,0,0,3,1,0,0,L,.221,.305,.468,.773,0,0,0
695657,Colson Montgomery,145,White Sox,2026-07-19,4,2,0,0,1,1,2,0,0,0,L,.224,.307,.477,.784,1,0,5
695657,Colson Montgomery,145,White Sox,2026-07-20,4,0,0,0,0,0,2,0,0,0,L,.222,.304,.472,.776,0,0,0
695657,Colson Montgomery,145,White Sox,2026-07-22,3,0,0,0,0,0,1,1,0,0,L,.220,.303,.468,.771,0,0,0
695657,Colson Montgomery,145,White Sox,2026-07-24,4,0,0,0,0,1,0,0,0,1,L,.218,.300,.463,.763,0,0,0
695657,Colson Montgomery,145,White Sox,2026-07-25,4,1,0,0,0,1,1,0,0,0,L,.218,.299,.460,.759,0,0,1
695657,Colson Montgomery,145,White Sox,2026-07-27,4,3,0,0,0,2,0,1,0,0,L,.224,.305,.464,.769,1,0,3
695657,Colson Montgomery,145,White Sox,2026-07-28,4,0,0,0,0,0,1,0,0,0,L,.221,.302,.459,.761,0,0,0
695657,Colson Montgomery,145,White Sox,2026-07-29,3,0,0,0,0,0,2,1,0,0,L,.220,.302,.455,.757,0,0,0
691011,Drew Romo,145,White Sox,2026-07-04,2,1,0,0,0,0,0,2,0,0,S,.140,.237,.330,.567,0,0,1
691011,Drew Romo,145,White Sox,2026-07-09,2,0,0,0,0,0,0,0,0,0,S,.137,.233,.324,.557,0,0,0
691011,Drew Romo,145,White Sox,2026-07-11,3,0,0,0,0,0,3,0,0,0,S,.133,.227,.314,.541,0,0,0
691011,Drew Romo,145,White Sox,2026-07-19,3,0,0,0,0,0,1,0,0,0,S,.130,.221,.306,.527,0,0,0
691011,Drew Romo,145,White Sox,2026-07-20,4,1,1,0,0,0,1,0,0,0,S,.134,.222,.313,.535,0,0,2
691011,Drew Romo,145,White Sox,2026-07-21,3,0,0,0,0,0,1,0,0,0,S,.130,.217,.304,.521,0,0,0
691011,Drew Romo,145,White Sox,2026-07-24,3,0,0,0,0,0,0,0,1,0,S,.127,.218,.297,.515,0,0,0
691011,Drew Romo,145,White Sox,2026-07-26,3,1,0,0,0,0,0,1,0,0,S,.132,.226,.298,.524,2,0,1
691011,Drew Romo,145,White Sox,2026-07-28,3,1,0,0,0,0,1,0,0,0,S,.137,.229,.298,.527,0,0,1
691011,Drew Romo,145,White Sox,2026-07-29,2,0,0,0,0,0,2,0,0,0,S,.135,.225,.294,.519,0,0,0
700337,Edgar Quero,145,White Sox,2026-06-16,0,0,0,0,0,0,0,0,0,0,S,.180,.255,.233,.488,0,0,0
700337,Edgar Quero,145,White Sox,2026-06-17,4,3,0,0,0,0,0,0,0,0,S,.197,.268,.248,.516,0,0,3
700337,Edgar Quero,145,White Sox,2026-06-18,4,0,0,0,0,0,0,0,0,0,S,.191,.261,.241,.502,0,0,0
700337,Edgar Quero,145,White Sox,2026-06-19,4,0,0,0,0,0,1,0,0,0,S,.186,.255,.234,.489,0,0,0
700337,Edgar Quero,145,White Sox,2026-06-20,1,0,0,0,0,0,0,0,0,0,S,.185,.253,.233,.486,0,0,0
700337,Edgar Quero,145,White Sox,2026-06-21,4,1,0,0,0,0,1,0,0,0,S,.187,.253,.233,.486,0,0,1
700337,Edgar Quero,145,White Sox,2026-07-22,3,0,0,0,0,0,0,1,0,0,S,.183,.253,.229,.482,0,0,0
700337,Edgar Quero,145,White Sox,2026-07-25,3,0,0,0,0,0,0,0,0,0,S,.179,.249,.224,.473,0,0,0
700337,Edgar Quero,145,White Sox,2026-07-27,4,1,0,0,0,0,0,0,0,0,S,.181,.249,.225,.474,0,0,1
700337,Edgar Quero,145,White Sox,2026-07-29,3,1,0,0,0,1,0,0,0,0,S,.184,.250,.227,.477,0,0,1
677592,Everson Pereira,145,White Sox,2026-04-25,5,1,0,0,0,1,2,0,0,0,R,.278,.344,.519,.863,0,0,1
677592,Everson Pereira,145,White Sox,2026-04-26,4,1,0,0,0,0,2,0,0,0,R,.276,.338,.500,.838,0,0,1
677592,Everson Pereira,145,White Sox,2026-04-27,4,0,0,0,0,0,1,0,0,0,R,.258,.319,.468,.787,0,0,0
677592,Everson Pereira,145,White Sox,2026-04-28,2,0,0,0,0,0,1,0,0,0,R,.250,.310,.453,.763,0,0,0
677592,Everson Pereira,145,White Sox,2026-06-13,1,0,0,0,0,0,0,0,0,0,R,.246,.306,.446,.752,0,0,0
677592,Everson Pereira,145,White Sox,2026-06-16,2,0,0,0,0,0,1,0,0,0,R,.239,.297,.433,.730,0,0,0
677592,Everson Pereira,145,White Sox,2026-06-17,2,0,0,0,0,0,1,1,0,0,R,.232,.299,.420,.719,0,0,0
677592,Everson Pereira,145,White Sox,2026-07-27,2,0,0,0,0,0,2,0,0,0,R,.225,.291,.408,.699,0,0,0
677592,Everson Pereira,145,White Sox,2026-07-28,1,0,0,0,0,0,1,0,0,0,R,.222,.288,.403,.691,0,0,0
677592,Everson Pereira,145,White Sox,2026-07-29,0,0,0,0,0,0,0,0,0,0,R,.222,.288,.403,.691,0,0,0
682668,Luisangel Acuña,145,White Sox,2026-07-11,3,2,1,0,0,0,1,0,0,0,R,.242,.277,.282,.559,0,0,3
682668,Luisangel Acuña,145,White Sox,2026-07-17,0,0,0,0,0,0,0,0,0,0,R,.242,.277,.282,.559,0,0,0
682668,Luisangel Acuña,145,White Sox,2026-07-18,0,0,0,0,0,0,0,0,0,0,R,.242,.277,.282,.559,0,0,0
682668,Luisangel Acuña,145,White Sox,2026-07-20,1,1,0,0,0,2,0,0,0,0,R,.247,.281,.287,.568,1,0,1
682668,Luisangel Acuña,145,White Sox,2026-07-21,3,1,0,0,0,0,1,0,0,0,R,.248,.282,.288,.570,0,0,1
682668,Luisangel Acuña,145,White Sox,2026-07-24,1,0,0,0,0,0,1,0,0,0,R,.247,.280,.286,.566,0,0,0
682668,Luisangel Acuña,145,White Sox,2026-07-25,1,0,0,0,0,0,1,0,0,0,R,.245,.279,.284,.563,0,0,0
682668,Luisangel Acuña,145,White Sox,2026-07-26,4,1,0,0,0,0,1,0,0,0,R,.245,.278,.283,.561,0,0,1
682668,Luisangel Acuña,145,White Sox,2026-07-27,3,1,0,0,0,0,0,0,0,0,R,.247,.279,.284,.563,0,0,1
682668,Luisangel Acuña,145,White Sox,2026-07-29,1,0,0,0,0,0,0,0,0,0,R,.245,.277,.282,.559,0,0,0
678246,Miguel Vargas,145,White Sox,2026-07-19,4,0,0,0,0,0,1,0,0,0,R,.242,.352,.485,.837,1,0,0
678246,Miguel Vargas,145,White Sox,2026-07-20,5,3,2,0,0,2,1,0,0,0,R,.247,.354,.492,.846,2,0,5
678246,Miguel Vargas,145,White Sox,2026-07-21,4,1,1,0,0,0,1,0,0,0,R,.247,.353,.492,.845,0,0,2
678246,Miguel Vargas,145,White Sox,2026-07-22,4,0,0,0,0,0,1,0,0,0,R,.245,.350,.486,.836,0,0,0
678246,Miguel Vargas,145,White Sox,2026-07-24,3,0,0,0,0,0,0,2,0,0,R,.243,.351,.482,.833,1,0,0
678246,Miguel Vargas,145,White Sox,2026-07-25,4,1,0,0,0,0,1,0,0,0,R,.243,.350,.480,.830,1,0,1
678246,Miguel Vargas,145,White Sox,2026-07-26,5,1,0,0,1,2,2,0,0,0,R,.242,.348,.484,.832,1,0,4
678246,Miguel Vargas,145,White Sox,2026-07-27,5,1,1,0,0,0,2,0,0,0,R,.242,.347,.483,.830,1,0,2
678246,Miguel Vargas,145,White Sox,2026-07-28,3,1,0,0,0,0,0,1,0,0,R,.242,.348,.482,.830,0,0,1
678246,Miguel Vargas,145,White Sox,2026-07-29,4,1,0,0,0,0,0,0,1,0,R,.242,.348,.480,.828,0,0,1
808959,Munetaka Murakami,145,White Sox,2026-07-19,3,0,0,0,0,0,2,1,0,0,L,.231,.371,.529,.900,0,0,0
808959,Munetaka Murakami,145,White Sox,2026-07-20,3,1,1,0,0,0,1,2,0,0,L,.232,.375,.531,.906,2,0,2
808959,Munetaka Murakami,145,White Sox,2026-07-21,3,1,0,0,0,0,0,1,0,0,L,.233,.377,.529,.906,0,0,1
808959,Munetaka Murakami,145,White Sox,2026-07-22,3,0,0,0,0,0,3,1,0,0,L,.230,.375,.522,.897,1,0,0
808959,Munetaka Murakami,145,White Sox,2026-07-24,4,1,1,0,0,0,1,1,0,0,L,.231,.376,.521,.897,1,0,2
808959,Munetaka Murakami,145,White Sox,2026-07-25,4,1,0,0,0,0,1,0,0,0,L,.231,.374,.517,.891,0,0,1
808959,Munetaka Murakami,145,White Sox,2026-07-26,5,3,0,0,2,6,0,0,0,0,L,.239,.378,.543,.921,3,0,9
808959,Munetaka Murakami,145,White Sox,2026-07-27,3,1,0,0,0,0,1,2,0,0,L,.240,.382,.541,.923,1,0,1
808959,Munetaka Murakami,145,White Sox,2026-07-28,4,1,1,0,0,0,2,0,0,0,L,.240,.380,.540,.920,0,0,2
808959,Munetaka Murakami,145,White Sox,2026-07-29,4,1,0,0,1,1,2,1,0,0,L,.240,.380,.547,.927,3,0,4
545341,Randal Grichuk,145,White Sox,2026-07-17,2,0,0,0,0,0,0,1,0,0,R,.245,.279,.511,.790,1,0,0
545341,Randal Grichuk,145,White Sox,2026-07-19,3,1,0,0,0,0,1,0,0,0,R,.246,.280,.507,.787,0,0,1
545341,Randal Grichuk,145,White Sox,2026-07-20,2,1,0,1,0,1,1,0,0,0,R,.250,.283,.521,.804,1,0,3
545341,Randal Grichuk,145,White Sox,2026-07-22,1,0,0,0,0,0,1,0,0,0,R,.248,.281,.517,.798,0,0,0
545341,Randal Grichuk,145,White Sox,2026-07-24,2,0,0,0,0,0,1,0,0,0,R,.245,.277,.510,.787,0,0,0
545341,Randal Grichuk,145,White Sox,2026-07-25,1,0,0,0,0,0,0,0,0,0,R,.243,.276,.507,.783,0,0,0
545341,Randal Grichuk,145,White Sox,2026-07-26,1,1,0,0,0,0,0,0,0,0,R,.248,.280,.510,.790,0,0,1
545341,Randal Grichuk,145,White Sox,2026-07-27,3,1,1,0,0,0,1,0,0,0,R,.250,.281,.513,.794,1,0,2
545341,Randal Grichuk,145,White Sox,2026-07-28,1,0,0,0,0,0,0,0,0,0,R,.248,.280,.510,.790,0,0,0
545341,Randal Grichuk,145,White Sox,2026-07-29,1,0,0,0,0,0,0,0,0,0,R,.247,.278,.506,.784,0,0,0
803011,Sam Antonacci,145,White Sox,2026-07-19,4,0,0,0,0,0,1,0,0,0,L,.281,.371,.416,.787,0,0,0
803011,Sam Antonacci,145,White Sox,2026-07-20,3,2,0,0,0,1,0,1,0,0,L,.285,.376,.419,.795,2,0,2
803011,Sam Antonacci,145,White Sox,2026-07-21,3,0,0,0,0,0,2,1,0,0,L,.282,.375,.414,.789,0,0,0
803011,Sam Antonacci,145,White Sox,2026-07-22,4,0,0,0,0,0,0,0,0,0,L,.278,.370,.408,.778,0,0,0
803011,Sam Antonacci,145,White Sox,2026-07-24,4,2,1,0,0,0,1,0,1,0,L,.281,.373,.413,.786,1,1,3
803011,Sam Antonacci,145,White Sox,2026-07-25,3,0,0,0,0,0,0,0,0,0,L,.278,.370,.409,.779,0,0,0
803011,Sam Antonacci,145,White Sox,2026-07-26,2,2,1,0,0,0,0,1,0,0,L,.283,.376,.416,.792,2,0,3
803011,Sam Antonacci,145,White Sox,2026-07-27,2,0,0,0,0,0,0,0,0,0,L,.281,.374,.414,.788,1,0,0
803011,Sam Antonacci,145,White Sox,2026-07-28,3,0,0,0,0,0,1,0,0,0,L,.279,.370,.409,.779,0,0,0
803011,Sam Antonacci,145,White Sox,2026-07-29,4,1,0,0,1,2,1,0,0,0,L,.278,.369,.417,.786,1,0,4
671976,Tristan Peters,145,White Sox,2026-07-19,3,0,0,0,0,0,3,0,0,0,L,.293,.344,.463,.807,0,0,0
671976,Tristan Peters,145,White Sox,2026-07-20,5,1,1,0,0,0,1,0,0,0,L,.292,.341,.462,.803,1,0,2
671976,Tristan Peters,145,White Sox,2026-07-21,2,0,0,0,0,0,1,2,0,0,L,.289,.344,.459,.803,0,0,0
671976,Tristan Peters,145,White Sox,2026-07-22,4,0,0,0,0,0,0,0,0,0,L,.285,.339,.452,.791,0,0,0
671976,Tristan Peters,145,White Sox,2026-07-24,3,1,0,0,0,0,0,0,1,0,L,.286,.341,.451,.792,0,0,1
671976,Tristan Peters,145,White Sox,2026-07-25,2,1,0,0,0,0,0,1,0,0,L,.287,.344,.451,.795,0,0,1
671976,Tristan Peters,145,White Sox,2026-07-26,4,0,0,0,0,0,1,0,0,0,L,.283,.340,.444,.784,0,0,0
671976,Tristan Peters,145,White Sox,2026-07-27,2,0,0,0,0,0,0,0,0,0,L,.281,.338,.441,.779,0,0,0
671976,Tristan Peters,145,White Sox,2026-07-28,4,0,0,0,0,0,2,0,0,0,L,.277,.333,.435,.768,0,0,0
671976,Tristan Peters,145,White Sox,2026-07-29,5,0,0,0,0,0,3,0,0,0,L,.272,.328,.428,.756,1,0,0
640459,Brian Navarreto,146,Marlins,2026-06-24,1,0,0,0,0,0,1,1,0,0,R,.000,.500,.000,.500,1,0,0
640459,Brian Navarreto,146,Marlins,2026-06-28,1,0,0,0,0,0,0,0,0,0,R,.000,.333,.000,.333,0,0,0
640459,Brian Navarreto,146,Marlins,2026-06-30,1,0,0,0,0,0,0,0,0,0,R,.000,.250,.000,.250,0,0,0
640459,Brian Navarreto,146,Marlins,2026-07-01,2,0,0,0,0,0,1,0,0,0,R,.000,.167,.000,.167,0,0,0
640459,Brian Navarreto,146,Marlins,2026-07-05,4,2,1,0,0,0,0,0,0,0,R,.222,.300,.333,.633,1,0,3
640459,Brian Navarreto,146,Marlins,2026-07-12,2,0,0,0,0,0,2,0,0,0,R,.182,.250,.273,.523,0,0,0
640459,Brian Navarreto,146,Marlins,2026-07-20,1,0,0,0,0,0,0,0,0,0,R,.167,.231,.250,.481,0,0,0
640459,Brian Navarreto,146,Marlins,2026-07-29,2,0,0,0,0,0,1,0,1,0,R,.143,.250,.214,.464,1,0,0
665923,Esteury Ruiz,146,Marlins,2026-07-19,3,1,0,0,1,1,1,0,0,0,R,.248,.369,.495,.864,1,0,4
665923,Esteury Ruiz,146,Marlins,2026-07-20,1,0,0,0,0,0,0,0,0,0,R,.245,.366,.490,.856,0,0,0
665923,Esteury Ruiz,146,Marlins,2026-07-21,1,0,0,0,0,0,1,0,0,0,R,.243,.363,.485,.848,0,0,0
665923,Esteury Ruiz,146,Marlins,2026-07-22,4,1,0,0,0,0,1,0,0,0,R,.243,.359,.477,.836,0,2,1
665923,Esteury Ruiz,146,Marlins,2026-07-24,1,0,0,0,0,0,1,0,0,0,R,.241,.357,.472,.829,0,0,0
665923,Esteury Ruiz,146,Marlins,2026-07-25,2,2,0,0,0,0,0,0,1,0,R,.255,.371,.482,.853,2,2,2
665923,Esteury Ruiz,146,Marlins,2026-07-26,2,0,0,0,0,0,2,0,0,0,R,.250,.366,.473,.839,0,0,0
665923,Esteury Ruiz,146,Marlins,2026-07-27,0,0,0,0,0,0,0,0,0,0,R,.250,.366,.473,.839,0,0,0
665923,Esteury Ruiz,146,Marlins,2026-07-28,2,0,0,0,0,0,1,0,0,0,R,.246,.360,.465,.825,0,0,0
665923,Esteury Ruiz,146,Marlins,2026-07-29,4,2,1,0,0,0,2,0,0,0,R,.254,.364,.475,.839,2,1,3
688363,Graham Pauley,146,Marlins,2026-05-24,2,0,0,0,0,0,1,0,0,0,L,.175,.224,.288,.512,0,0,0
688363,Graham Pauley,146,Marlins,2026-05-26,1,0,0,0,0,0,0,0,0,0,L,.173,.221,.284,.505,0,0,0
688363,Graham Pauley,146,Marlins,2026-05-27,4,0,0,0,0,0,1,0,0,0,L,.165,.211,.271,.482,0,0,0
688363,Graham Pauley,146,Marlins,2026-06-26,4,1,1,0,0,1,1,0,0,0,L,.169,.213,.281,.494,1,0,2
688363,Graham Pauley,146,Marlins,2026-06-28,2,1,1,0,0,1,0,0,0,0,L,.176,.219,.297,.516,0,0,2
688363,Graham Pauley,146,Marlins,2026-06-29,0,0,0,0,0,0,0,0,0,0,L,.176,.219,.297,.516,0,0,0
688363,Graham Pauley,146,Marlins,2026-07-19,0,0,0,0,0,0,0,0,0,0,L,.176,.219,.297,.516,0,0,0
688363,Graham Pauley,146,Marlins,2026-07-20,2,0,0,0,0,0,1,0,0,0,L,.172,.214,.290,.504,0,0,0
688363,Graham Pauley,146,Marlins,2026-07-26,2,1,0,0,0,1,0,0,0,0,L,.179,.220,.295,.515,0,0,1
688363,Graham Pauley,146,Marlins,2026-07-28,2,0,0,0,0,0,1,0,0,0,L,.175,.216,.289,.505,0,0,0
665052,Griffin Conine,146,Marlins,2026-07-19,4,1,0,0,0,0,3,0,0,0,L,.276,.364,.563,.927,0,0,1
665052,Griffin Conine,146,Marlins,2026-07-20,4,1,0,0,0,0,2,0,0,0,L,.275,.359,.549,.908,0,0,1
665052,Griffin Conine,146,Marlins,2026-07-21,3,1,1,0,0,0,1,0,0,0,L,.277,.358,.553,.911,0,0,2
665052,Griffin Conine,146,Marlins,2026-07-22,3,0,0,0,0,0,0,1,0,0,L,.268,.355,.536,.891,1,0,0
665052,Griffin Conine,146,Marlins,2026-07-24,3,1,0,0,0,0,0,0,0,0,L,.270,.354,.530,.884,0,0,1
665052,Griffin Conine,146,Marlins,2026-07-25,3,0,0,0,0,0,2,0,0,0,L,.262,.345,.515,.860,0,0,0
665052,Griffin Conine,146,Marlins,2026-07-26,1,0,0,0,0,0,0,2,0,0,L,.260,.353,.510,.863,1,0,0
665052,Griffin Conine,146,Marlins,2026-07-27,5,2,0,0,1,2,1,0,0,0,L,.266,.355,.532,.887,1,0,5
665052,Griffin Conine,146,Marlins,2026-07-28,2,1,0,0,0,0,0,0,0,0,L,.270,.357,.532,.889,0,0,1
665052,Griffin Conine,146,Marlins,2026-07-29,1,1,0,0,1,2,0,0,0,0,L,.277,.362,.563,.925,1,0,4
681715,Heriberto Hernández,146,Marlins,2026-07-19,4,2,0,0,0,0,1,0,0,0,R,.237,.315,.470,.785,0,0,2
681715,Heriberto Hernández,146,Marlins,2026-07-20,5,1,0,0,0,1,2,0,0,0,R,.236,.313,.464,.777,0,0,1
681715,Heriberto Hernández,146,Marlins,2026-07-21,4,2,1,0,0,0,1,0,0,0,R,.241,.316,.469,.785,0,0,3
681715,Heriberto Hernández,146,Marlins,2026-07-22,4,2,1,0,0,0,2,0,0,0,R,.246,.319,.474,.793,0,1,3
681715,Heriberto Hernández,146,Marlins,2026-07-24,4,2,1,0,1,1,2,0,0,0,R,.250,.322,.491,.813,1,0,6
681715,Heriberto Hernández,146,Marlins,2026-07-25,4,0,0,0,0,0,1,0,0,0,R,.246,.317,.483,.800,0,0,0
681715,Heriberto Hernández,146,Marlins,2026-07-26,4,0,0,0,0,0,1,0,0,0,R,.242,.312,.475,.787,0,0,0
681715,Heriberto Hernández,146,Marlins,2026-07-27,5,2,0,0,1,3,3,0,0,0,R,.245,.314,.486,.800,2,0,5
681715,Heriberto Hernández,146,Marlins,2026-07-28,4,0,0,0,0,0,3,0,0,0,R,.241,.309,.478,.787,0,0,0
681715,Heriberto Hernández,146,Marlins,2026-07-29,4,1,0,0,1,2,0,0,0,0,R,.241,.308,.486,.794,1,0,4
805300,Jakob Marsee,146,Marlins,2026-07-17,4,0,0,0,0,0,1,0,0,0,L,.195,.316,.292,.608,0,0,0
805300,Jakob Marsee,146,Marlins,2026-07-19,3,1,0,0,0,0,1,0,0,0,L,.196,.316,.292,.608,0,0,1
805300,Jakob Marsee,146,Marlins,2026-07-20,3,0,0,0,0,0,2,1,0,0,L,.194,.316,.290,.606,1,0,0
805300,Jakob Marsee,146,Marlins,2026-07-21,3,0,0,0,0,0,1,0,0,0,L,.192,.313,.287,.600,0,0,0
805300,Jakob Marsee,146,Marlins,2026-07-24,3,1,0,0,0,0,1,0,0,0,L,.194,.313,.287,.600,0,0,1
805300,Jakob Marsee,146,Marlins,2026-07-25,2,1,0,0,0,0,1,1,0,0,L,.195,.316,.289,.605,0,0,1
805300,Jakob Marsee,146,Marlins,2026-07-26,1,0,0,0,0,0,0,0,0,0,L,.195,.315,.288,.603,0,0,0
805300,Jakob Marsee,146,Marlins,2026-07-27,3,2,1,0,0,1,0,1,0,0,L,.199,.320,.294,.614,2,0,3
805300,Jakob Marsee,146,Marlins,2026-07-28,2,0,0,0,0,0,0,1,0,0,L,.198,.320,.292,.612,0,0,0
805300,Jakob Marsee,146,Marlins,2026-07-29,2,0,0,0,0,0,1,1,0,0,L,.197,.320,.291,.611,1,0,0
691594,Javier Sanoja,146,Marlins,2026-07-19,4,0,0,0,0,0,0,0,0,0,R,.268,.307,.397,.704,0,0,0
691594,Javier Sanoja,146,Marlins,2026-07-20,4,2,0,0,0,0,0,0,0,0,R,.272,.310,.399,.709,1,0,2
691594,Javier Sanoja,146,Marlins,2026-07-21,4,2,1,0,0,0,0,0,0,0,R,.275,.313,.405,.718,1,0,3
691594,Javier Sanoja,146,Marlins,2026-07-22,4,1,1,0,0,1,0,0,0,0,R,.275,.312,.406,.718,1,0,2
691594,Javier Sanoja,146,Marlins,2026-07-24,4,0,0,0,0,0,0,0,0,0,R,.271,.307,.400,.707,0,0,0
691594,Javier Sanoja,146,Marlins,2026-07-25,4,0,0,0,0,0,0,0,0,0,R,.266,.303,.394,.697,0,0,0
691594,Javier Sanoja,146,Marlins,2026-07-26,2,1,0,0,0,0,0,0,0,0,R,.268,.304,.395,.699,0,0,1
691594,Javier Sanoja,146,Marlins,2026-07-27,3,0,0,0,0,0,0,1,0,0,R,.265,.304,.390,.694,1,1,0
691594,Javier Sanoja,146,Marlins,2026-07-28,1,0,0,0,0,0,1,0,0,0,R,.264,.302,.389,.691,0,0,0
691594,Javier Sanoja,146,Marlins,2026-07-29,3,1,1,0,0,0,0,1,0,0,R,.265,.305,.392,.697,0,0,2
691788,Joe Mack,146,Marlins,2026-07-18,4,1,0,0,0,1,2,0,0,0,L,.239,.299,.405,.704,0,0,1
691788,Joe Mack,146,Marlins,2026-07-19,0,0,0,0,0,0,0,0,0,0,L,.239,.299,.405,.704,0,0,0
691788,Joe Mack,146,Marlins,2026-07-20,2,1,0,0,1,2,1,0,0,0,L,.242,.302,.424,.726,1,0,4
691788,Joe Mack,146,Marlins,2026-07-21,4,1,0,0,1,2,3,0,0,0,L,.243,.301,.438,.739,1,0,4
691788,Joe Mack,146,Marlins,2026-07-22,4,1,0,0,0,1,0,0,0,0,L,.243,.299,.434,.733,0,0,1
691788,Joe Mack,146,Marlins,2026-07-24,4,1,0,0,1,1,1,0,0,0,L,.243,.298,.446,.744,1,0,4
691788,Joe Mack,146,Marlins,2026-07-26,3,0,0,0,0,0,2,0,0,0,L,.239,.294,.439,.733,0,0,0
691788,Joe Mack,146,Marlins,2026-07-27,4,0,0,0,0,0,1,0,0,0,L,.234,.288,.429,.717,0,0,0
691788,Joe Mack,146,Marlins,2026-07-28,2,1,0,0,0,0,0,1,0,0,L,.237,.294,.430,.724,0,0,1
691788,Joe Mack,146,Marlins,2026-07-29,0,0,0,0,0,0,0,0,0,0,L,.237,.294,.430,.724,0,0,0
669065,Kyle Stowers,146,Marlins,2026-07-19,3,0,0,0,0,0,1,1,0,0,L,.229,.313,.437,.750,0,0,0
669065,Kyle Stowers,146,Marlins,2026-07-20,4,1,0,0,0,0,2,1,0,0,L,.230,.315,.435,.750,0,0,1
669065,Kyle Stowers,146,Marlins,2026-07-21,5,2,1,0,0,1,1,0,0,0,L,.233,.316,.438,.754,0,0,3
669065,Kyle Stowers,146,Marlins,2026-07-22,4,0,0,0,0,0,2,0,0,0,L,.229,.312,.432,.744,0,0,0
669065,Kyle Stowers,146,Marlins,2026-07-24,5,1,0,0,0,0,3,0,0,0,L,.229,.310,.428,.738,0,0,1
669065,Kyle Stowers,146,Marlins,2026-07-25,3,1,0,0,0,1,1,1,0,0,L,.230,.313,.427,.740,0,0,1
669065,Kyle Stowers,146,Marlins,2026-07-26,4,2,1,0,1,1,1,0,0,0,L,.234,.315,.441,.756,1,0,6
669065,Kyle Stowers,146,Marlins,2026-07-27,4,1,1,0,0,0,2,0,1,0,L,.234,.316,.442,.758,0,0,2
669065,Kyle Stowers,146,Marlins,2026-07-28,3,1,0,0,1,1,0,1,0,0,L,.235,.318,.450,.768,1,0,4
669065,Kyle Stowers,146,Marlins,2026-07-29,3,0,0,0,0,0,2,1,0,0,L,.232,.317,.446,.763,1,0,0
677870,Leo Jiménez,146,Marlins,2026-07-09,4,2,0,0,0,1,0,0,0,0,R,.214,.305,.282,.587,1,0,2
677870,Leo Jiménez,146,Marlins,2026-07-10,3,1,0,0,1,1,0,0,0,0,R,.217,.306,.311,.617,1,0,4
677870,Leo Jiménez,146,Marlins,2026-07-12,1,0,0,0,0,0,0,1,0,0,R,.215,.309,.308,.617,0,0,0
677870,Leo Jiménez,146,Marlins,2026-07-17,2,0,0,0,0,0,0,0,0,0,R,.211,.304,.303,.607,0,0,0
677870,Leo Jiménez,146,Marlins,2026-07-18,2,1,0,0,0,1,0,1,1,0,R,.216,.318,.306,.624,2,0,1
677870,Leo Jiménez,146,Marlins,2026-07-19,4,0,0,0,0,0,1,0,0,0,R,.209,.308,.296,.604,0,0,0
677870,Leo Jiménez,146,Marlins,2026-07-20,2,1,0,0,0,0,0,0,0,0,R,.214,.311,.299,.610,0,0,1
677870,Leo Jiménez,146,Marlins,2026-07-21,1,0,0,0,0,0,0,0,0,0,R,.212,.309,.297,.606,0,0,0
677870,Leo Jiménez,146,Marlins,2026-07-24,0,0,0,0,0,0,0,1,0,0,R,.212,.314,.297,.611,0,0,0
677870,Leo Jiménez,146,Marlins,2026-07-26,1,0,0,0,0,0,0,0,0,0,R,.210,.312,.294,.606,0,0,0
689414,Liam Hicks,146,Marlins,2026-07-19,4,0,0,0,0,0,1,0,0,0,L,.286,.360,.448,.808,0,0,0
689414,Liam Hicks,146,Marlins,2026-07-20,5,2,0,0,1,2,2,0,0,0,L,.288,.360,.457,.817,1,0,5
689414,Liam Hicks,146,Marlins,2026-07-21,3,0,0,0,0,0,1,1,0,0,L,.285,.359,.453,.812,0,0,0
689414,Liam Hicks,146,Marlins,2026-07-22,3,1,0,0,0,0,0,1,0,0,L,.285,.361,.451,.812,0,0,1
689414,Liam Hicks,146,Marlins,2026-07-24,3,0,0,0,0,0,1,0,1,0,L,.283,.359,.447,.806,0,0,0
689414,Liam Hicks,146,Marlins,2026-07-25,4,0,0,0,0,0,0,0,0,0,L,.279,.356,.442,.798,0,0,0
689414,Liam Hicks,146,Marlins,2026-07-26,2,0,0,0,0,0,1,1,1,0,L,.277,.357,.439,.796,1,1,0
689414,Liam Hicks,146,Marlins,2026-07-27,5,2,0,0,0,0,1,0,0,0,L,.279,.358,.438,.796,0,0,2
689414,Liam Hicks,146,Marlins,2026-07-28,4,2,0,0,0,0,0,0,0,0,L,.282,.359,.439,.798,0,0,2
689414,Liam Hicks,146,Marlins,2026-07-29,3,0,0,0,0,0,0,1,0,0,L,.279,.358,.435,.793,0,0,0
672640,Otto Lopez,146,Marlins,2026-07-17,4,2,1,0,0,0,0,0,0,0,R,.336,.370,.508,.878,0,0,3
672640,Otto Lopez,146,Marlins,2026-07-18,4,1,0,0,0,1,1,0,0,1,R,.335,.368,.505,.873,0,1,1
672640,Otto Lopez,146,Marlins,2026-07-21,3,0,0,0,0,0,1,2,0,0,R,.332,.368,.501,.869,1,0,0
672640,Otto Lopez,146,Marlins,2026-07-22,4,1,0,0,0,0,0,0,0,0,R,.332,.367,.499,.866,0,0,1
672640,Otto Lopez,146,Marlins,2026-07-24,5,1,0,0,0,0,0,0,0,0,R,.330,.365,.495,.860,0,1,1
672640,Otto Lopez,146,Marlins,2026-07-25,2,1,0,0,0,1,0,1,0,1,R,.331,.366,.495,.861,0,1,1
672640,Otto Lopez,146,Marlins,2026-07-26,4,0,0,0,0,0,2,0,0,0,R,.328,.363,.490,.853,0,0,0
672640,Otto Lopez,146,Marlins,2026-07-27,5,3,0,1,0,1,0,0,0,0,R,.331,.365,.496,.861,2,2,5
672640,Otto Lopez,146,Marlins,2026-07-28,4,0,0,0,0,0,0,0,0,0,R,.328,.362,.492,.854,0,0,0
672640,Otto Lopez,146,Marlins,2026-07-29,5,2,0,0,0,2,0,0,0,0,R,.329,.363,.490,.853,1,0,2
669364,Xavier Edwards,146,Marlins,2026-07-19,4,1,0,0,0,0,1,0,0,0,S,.299,.379,.416,.795,0,0,1
669364,Xavier Edwards,146,Marlins,2026-07-20,3,0,0,0,0,0,2,2,0,0,S,.296,.379,.413,.792,1,0,0
669364,Xavier Edwards,146,Marlins,2026-07-21,4,0,0,0,0,0,3,0,0,0,S,.293,.375,.409,.784,0,0,0
669364,Xavier Edwards,146,Marlins,2026-07-22,4,0,0,0,0,0,1,0,0,0,S,.290,.372,.404,.776,0,0,0
669364,Xavier Edwards,146,Marlins,2026-07-24,4,2,1,0,0,0,2,0,0,0,S,.292,.373,.408,.781,0,1,3
669364,Xavier Edwards,146,Marlins,2026-07-25,4,0,0,0,0,0,0,0,0,0,S,.289,.370,.404,.774,0,0,0
669364,Xavier Edwards,146,Marlins,2026-07-26,4,1,0,0,0,0,1,0,0,0,S,.289,.369,.402,.771,0,1,1
669364,Xavier Edwards,146,Marlins,2026-07-27,5,2,0,0,0,0,1,0,0,0,S,.290,.369,.402,.771,0,0,2
669364,Xavier Edwards,146,Marlins,2026-07-28,2,1,0,0,0,0,0,2,0,0,S,.291,.372,.403,.775,0,1,1
669364,Xavier Edwards,146,Marlins,2026-07-29,3,1,0,0,0,2,0,1,0,0,S,.291,.373,.402,.775,0,1,1
645305,Ali Sánchez,147,Yankees,2026-07-11,2,0,0,0,0,0,0,0,0,0,R,.250,.286,.313,.599,0,0,0
645305,Ali Sánchez,147,Yankees,2026-07-12,0,0,0,0,0,0,0,0,0,0,R,.250,.286,.313,.599,0,0,0
645305,Ali Sánchez,147,Yankees,2026-07-17,0,0,0,0,0,0,0,0,0,0,R,.250,.286,.313,.599,0,0,0
645305,Ali Sánchez,147,Yankees,2026-07-19,3,0,0,0,0,0,1,0,0,0,R,.229,.263,.286,.549,0,0,0
645305,Ali Sánchez,147,Yankees,2026-07-22,0,0,0,0,0,0,0,0,0,0,R,.229,.263,.286,.549,0,0,0
645305,Ali Sánchez,147,Yankees,2026-07-22,3,1,0,0,0,0,0,0,0,0,R,.237,.268,.289,.557,0,0,1
645305,Ali Sánchez,147,Yankees,2026-07-24,2,0,0,0,0,0,1,0,1,0,R,.225,.273,.275,.548,0,0,0
645305,Ali Sánchez,147,Yankees,2026-07-26,3,2,0,0,0,0,1,0,0,0,R,.256,.298,.302,.600,1,0,2
645305,Ali Sánchez,147,Yankees,2026-07-27,4,1,0,0,1,3,2,0,0,0,R,.255,.294,.362,.656,1,0,4
645305,Ali Sánchez,147,Yankees,2026-07-29,1,0,0,0,0,0,0,0,0,0,R,.250,.288,.354,.642,1,0,0
642708,Amed Rosario,147,Yankees,2026-07-10,2,0,0,0,0,0,2,0,0,0,R,.240,.282,.460,.742,0,0,0
642708,Amed Rosario,147,Yankees,2026-07-11,0,0,0,0,0,0,0,1,0,0,R,.240,.287,.460,.747,0,0,0
642708,Amed Rosario,147,Yankees,2026-07-12,1,0,0,0,0,0,1,0,0,0,R,.238,.285,.457,.742,0,0,0
642708,Amed Rosario,147,Yankees,2026-07-17,1,0,0,0,0,0,0,0,0,0,R,.237,.283,.454,.737,0,0,0
642708,Amed Rosario,147,Yankees,2026-07-22,1,0,0,0,0,0,1,0,0,0,R,.235,.281,.451,.732,0,0,0
642708,Amed Rosario,147,Yankees,2026-07-24,3,0,0,0,0,0,1,0,0,0,R,.231,.276,.442,.718,0,0,0
642708,Amed Rosario,147,Yankees,2026-07-25,1,0,0,0,0,0,1,0,0,0,R,.229,.275,.439,.714,0,0,0
642708,Amed Rosario,147,Yankees,2026-07-26,4,1,0,0,0,0,2,0,0,0,R,.230,.274,.435,.709,1,0,1
642708,Amed Rosario,147,Yankees,2026-07-27,1,1,1,0,0,0,0,0,0,0,R,.235,.278,.444,.722,1,0,2
642708,Amed Rosario,147,Yankees,2026-07-28,4,1,0,0,0,0,2,0,0,0,R,.235,.278,.440,.718,0,0,1
683011,Anthony Volpe,147,Yankees,2026-07-11,4,1,0,0,0,0,1,0,0,0,R,.248,.344,.328,.672,0,0,1
683011,Anthony Volpe,147,Yankees,2026-07-12,1,0,0,0,0,0,1,0,0,0,R,.246,.342,.326,.668,0,0,0
683011,Anthony Volpe,147,Yankees,2026-07-19,3,1,0,0,0,1,0,0,0,0,R,.248,.342,.326,.668,0,0,1
683011,Anthony Volpe,147,Yankees,2026-07-19,2,0,0,0,0,0,1,1,0,0,R,.245,.341,.322,.663,0,0,0
683011,Anthony Volpe,147,Yankees,2026-07-22,3,1,0,0,0,1,1,0,0,0,R,.247,.341,.322,.663,0,0,1
683011,Anthony Volpe,147,Yankees,2026-07-24,3,0,0,0,0,0,1,0,0,0,R,.242,.335,.315,.650,0,0,0
683011,Anthony Volpe,147,Yankees,2026-07-26,3,2,2,0,0,1,1,1,0,0,R,.250,.345,.336,.681,0,0,4
683011,Anthony Volpe,147,Yankees,2026-07-27,4,1,0,0,0,1,1,0,0,0,R,.250,.343,.333,.676,0,0,1
683011,Anthony Volpe,147,Yankees,2026-07-28,4,1,1,0,0,1,1,0,0,0,R,.250,.341,.338,.679,1,0,2
683011,Anthony Volpe,147,Yankees,2026-07-29,0,0,0,0,0,1,0,0,0,1,R,.250,.339,.338,.677,0,0,0
669224,Austin Wells,147,Yankees,2026-07-11,2,0,0,0,0,0,0,0,0,0,L,.151,.244,.255,.499,0,0,0
669224,Austin Wells,147,Yankees,2026-07-12,2,1,0,0,0,1,0,0,0,0,L,.155,.247,.258,.505,0,0,1
669224,Austin Wells,147,Yankees,2026-07-17,2,0,0,0,0,0,1,0,0,0,L,.153,.244,.255,.499,0,0,0
669224,Austin Wells,147,Yankees,2026-07-19,2,0,0,0,0,0,0,2,0,0,L,.152,.249,.253,.502,0,0,0
669224,Austin Wells,147,Yankees,2026-07-20,4,2,0,0,0,0,0,0,0,0,L,.158,.253,.257,.510,0,0,2
669224,Austin Wells,147,Yankees,2026-07-22,1,1,0,0,0,0,0,1,1,0,L,.163,.263,.261,.524,1,0,1
669224,Austin Wells,147,Yankees,2026-07-25,2,1,0,0,1,1,0,1,0,0,L,.166,.268,.278,.546,2,0,4
669224,Austin Wells,147,Yankees,2026-07-26,1,0,0,0,0,0,1,0,0,0,L,.165,.267,.277,.544,0,0,0
669224,Austin Wells,147,Yankees,2026-07-28,4,0,0,0,0,0,1,0,0,0,L,.162,.263,.271,.534,0,0,0
669224,Austin Wells,147,Yankees,2026-07-29,4,0,0,0,0,0,1,0,0,0,L,.159,.258,.266,.524,0,0,0
700250,Ben Rice,147,Yankees,2026-07-19,4,1,0,0,0,0,1,0,0,0,L,.281,.371,.596,.967,0,0,1
700250,Ben Rice,147,Yankees,2026-07-20,3,1,0,0,0,0,1,1,0,0,L,.281,.372,.594,.966,1,0,1
700250,Ben Rice,147,Yankees,2026-07-22,5,1,0,0,1,3,3,0,0,0,L,.280,.370,.597,.967,1,0,4
700250,Ben Rice,147,Yankees,2026-07-22,4,0,0,0,0,0,1,0,0,0,L,.277,.366,.590,.956,0,0,0
700250,Ben Rice,147,Yankees,2026-07-24,4,0,0,0,0,0,3,0,0,0,L,.274,.363,.584,.947,0,0,0
700250,Ben Rice,147,Yankees,2026-07-25,4,0,0,0,0,0,2,0,0,0,L,.271,.359,.577,.936,0,0,0
700250,Ben Rice,147,Yankees,2026-07-26,5,2,1,0,1,1,1,0,0,0,L,.273,.360,.586,.946,2,0,6
700250,Ben Rice,147,Yankees,2026-07-27,4,2,0,0,0,1,1,1,0,0,L,.275,.363,.585,.948,1,0,2
700250,Ben Rice,147,Yankees,2026-07-28,4,0,0,0,0,0,2,0,0,0,L,.272,.359,.579,.938,0,0,0
700250,Ben Rice,147,Yankees,2026-07-29,5,1,1,0,0,0,2,1,0,0,L,.271,.359,.576,.935,1,0,2
691176,Jasson Domínguez,147,Yankees,2026-07-19,4,1,0,0,0,0,2,0,0,0,S,.229,.265,.396,.661,0,0,1
691176,Jasson Domínguez,147,Yankees,2026-07-20,4,1,0,0,0,0,1,0,0,0,S,.230,.265,.392,.657,1,0,1
691176,Jasson Domínguez,147,Yankees,2026-07-22,4,1,0,0,0,0,0,1,0,0,S,.230,.269,.388,.657,0,0,1
691176,Jasson Domínguez,147,Yankees,2026-07-22,3,1,1,0,0,1,0,0,0,0,S,.232,.270,.394,.664,1,0,2
691176,Jasson Domínguez,147,Yankees,2026-07-24,4,1,0,0,0,0,1,0,0,0,S,.233,.269,.390,.659,0,0,1
691176,Jasson Domínguez,147,Yankees,2026-07-25,4,1,0,0,1,1,1,0,0,0,S,.233,.269,.405,.674,1,0,4
691176,Jasson Domínguez,147,Yankees,2026-07-26,5,0,0,0,0,1,1,0,0,0,S,.226,.261,.393,.654,0,0,0
691176,Jasson Domínguez,147,Yankees,2026-07-27,5,2,0,0,0,0,1,0,0,0,S,.231,.265,.393,.658,2,0,2
691176,Jasson Domínguez,147,Yankees,2026-07-28,3,2,0,0,0,0,0,0,1,0,S,.239,.276,.398,.674,1,1,2
691176,Jasson Domínguez,147,Yankees,2026-07-29,4,0,0,0,0,0,1,1,0,0,S,.233,.274,.389,.663,1,0,0
665862,Jazz Chisholm Jr.,147,Yankees,2026-07-17,4,1,0,0,0,0,2,0,0,0,L,.223,.302,.393,.695,0,0,1
665862,Jazz Chisholm Jr.,147,Yankees,2026-07-19,3,1,1,0,0,0,1,0,0,0,L,.224,.302,.396,.698,1,0,2
665862,Jazz Chisholm Jr.,147,Yankees,2026-07-19,4,1,0,0,1,1,2,0,0,0,L,.224,.302,.403,.705,1,0,4
665862,Jazz Chisholm Jr.,147,Yankees,2026-07-20,4,2,0,0,2,5,2,0,0,0,L,.228,.304,.422,.726,2,0,8
665862,Jazz Chisholm Jr.,147,Yankees,2026-07-22,5,0,0,0,0,0,1,0,0,0,L,.224,.300,.416,.716,0,0,0
665862,Jazz Chisholm Jr.,147,Yankees,2026-07-22,3,1,0,0,0,0,0,0,0,0,L,.225,.300,.415,.715,0,1,1
665862,Jazz Chisholm Jr.,147,Yankees,2026-07-25,4,0,0,0,0,0,4,0,0,0,L,.223,.297,.410,.707,0,0,0
665862,Jazz Chisholm Jr.,147,Yankees,2026-07-27,4,2,1,0,0,2,2,0,0,0,L,.226,.299,.414,.713,2,2,3
665862,Jazz Chisholm Jr.,147,Yankees,2026-07-28,3,0,0,0,0,0,2,1,0,0,L,.224,.299,.411,.710,0,0,0
665862,Jazz Chisholm Jr.,147,Yankees,2026-07-29,5,1,0,0,0,0,2,0,0,0,L,.223,.298,.408,.706,0,1,1
676609,José Caballero,147,Yankees,2026-07-12,3,1,0,0,0,1,1,0,0,1,R,.250,.301,.397,.698,0,0,1
676609,José Caballero,147,Yankees,2026-07-17,4,0,0,0,0,0,0,0,0,0,R,.246,.297,.391,.688,0,0,0
676609,José Caballero,147,Yankees,2026-07-19,3,0,0,0,0,0,0,1,0,0,R,.244,.296,.387,.683,0,1,0
676609,José Caballero,147,Yankees,2026-07-20,4,2,1,0,0,2,0,0,0,0,R,.247,.299,.392,.691,0,0,3
676609,José Caballero,147,Yankees,2026-07-22,4,0,0,0,0,0,2,0,0,0,R,.244,.295,.387,.682,0,0,0
676609,José Caballero,147,Yankees,2026-07-24,3,0,0,0,0,0,2,0,0,0,R,.241,.292,.383,.675,0,0,0
676609,José Caballero,147,Yankees,2026-07-25,4,1,0,0,0,0,2,0,0,0,R,.241,.292,.381,.673,0,0,1
676609,José Caballero,147,Yankees,2026-07-26,4,0,0,0,0,0,2,0,0,0,R,.238,.288,.376,.664,0,0,0
676609,José Caballero,147,Yankees,2026-07-27,3,0,0,0,0,0,1,1,0,0,R,.236,.287,.372,.659,0,0,0
676609,José Caballero,147,Yankees,2026-07-29,5,2,1,0,0,0,0,0,0,0,R,.239,.289,.376,.665,0,1,3
680474,Max Schuemann,147,Yankees,2026-07-08,2,0,0,0,0,0,0,0,0,0,R,.217,.390,.435,.825,0,0,0
680474,Max Schuemann,147,Yankees,2026-07-09,4,2,1,0,0,0,1,0,1,0,R,.240,.406,.460,.866,2,1,3
680474,Max Schuemann,147,Yankees,2026-07-12,4,1,0,0,0,0,1,0,0,0,R,.241,.397,.444,.841,1,0,1
680474,Max Schuemann,147,Yankees,2026-07-17,0,0,0,0,0,0,0,0,0,0,R,.241,.397,.444,.841,0,0,0
680474,Max Schuemann,147,Yankees,2026-07-19,3,0,0,0,0,0,0,0,0,0,R,.228,.380,.421,.801,0,0,0
680474,Max Schuemann,147,Yankees,2026-07-25,0,0,0,0,0,0,0,0,0,0,R,.228,.380,.421,.801,0,0,0
680474,Max Schuemann,147,Yankees,2026-07-26,2,0,0,0,0,0,0,1,0,0,R,.220,.378,.407,.785,0,0,0
680474,Max Schuemann,147,Yankees,2026-07-27,5,0,0,0,0,0,2,0,0,0,R,.203,.354,.375,.729,0,0,0
680474,Max Schuemann,147,Yankees,2026-07-28,2,1,1,0,0,2,0,0,0,0,R,.212,.358,.394,.752,0,0,2
680474,Max Schuemann,147,Yankees,2026-07-29,1,0,0,0,0,0,0,0,0,0,R,.209,.354,.388,.742,0,0,0
502671,Paul Goldschmidt,147,Yankees,2026-07-19,4,2,1,0,0,0,2,0,0,0,R,.259,.319,.490,.809,1,0,3
502671,Paul Goldschmidt,147,Yankees,2026-07-20,4,1,0,0,0,0,1,0,0,0,R,.259,.318,.486,.804,1,0,1
502671,Paul Goldschmidt,147,Yankees,2026-07-22,1,0,0,0,0,0,0,0,0,0,R,.258,.316,.484,.800,0,0,0
502671,Paul Goldschmidt,147,Yankees,2026-07-22,3,0,0,0,0,0,1,0,0,0,R,.255,.313,.478,.791,0,0,0
502671,Paul Goldschmidt,147,Yankees,2026-07-24,4,1,0,0,1,1,2,0,0,0,R,.255,.312,.486,.798,1,0,4
502671,Paul Goldschmidt,147,Yankees,2026-07-25,4,2,0,0,0,0,0,0,0,0,R,.259,.315,.487,.802,0,0,2
502671,Paul Goldschmidt,147,Yankees,2026-07-26,4,1,0,0,0,0,2,1,0,0,R,.258,.316,.483,.799,0,0,1
502671,Paul Goldschmidt,147,Yankees,2026-07-27,4,1,0,0,0,0,0,1,0,0,R,.258,.318,.480,.798,1,0,1
502671,Paul Goldschmidt,147,Yankees,2026-07-28,3,0,0,0,0,0,1,2,0,0,R,.255,.319,.474,.793,0,0,0
502671,Paul Goldschmidt,147,Yankees,2026-07-29,5,2,0,0,0,1,1,0,0,0,R,.258,.320,.473,.793,1,0,2
641857,Ryan McMahon,147,Yankees,2026-07-19,3,0,0,0,0,0,0,0,0,0,L,.212,.274,.377,.651,0,0,0
641857,Ryan McMahon,147,Yankees,2026-07-19,1,1,1,0,0,0,0,0,0,0,L,.216,.277,.385,.662,0,0,2
641857,Ryan McMahon,147,Yankees,2026-07-20,4,1,0,0,0,0,1,0,0,0,L,.217,.277,.382,.659,1,0,1
641857,Ryan McMahon,147,Yankees,2026-07-22,4,1,1,0,0,0,1,0,0,0,L,.217,.276,.385,.661,1,0,2
641857,Ryan McMahon,147,Yankees,2026-07-22,3,0,0,0,0,0,2,0,0,0,L,.214,.273,.379,.652,0,0,0
641857,Ryan McMahon,147,Yankees,2026-07-24,0,0,0,0,0,0,0,0,1,0,L,.214,.276,.379,.655,0,0,0
641857,Ryan McMahon,147,Yankees,2026-07-25,3,0,0,0,0,0,1,0,0,0,L,.211,.272,.374,.646,0,0,0
641857,Ryan McMahon,147,Yankees,2026-07-26,1,0,0,0,0,0,1,0,0,0,L,.211,.271,.373,.644,0,0,0
641857,Ryan McMahon,147,Yankees,2026-07-28,0,0,0,0,0,0,0,0,0,0,L,.211,.271,.373,.644,0,0,0
641857,Ryan McMahon,147,Yankees,2026-07-29,5,1,0,0,0,0,0,0,0,0,L,.210,.270,.369,.639,0,0,1
682987,Spencer Jones,147,Yankees,2026-06-26,3,1,0,0,0,0,0,0,0,0,L,.226,.324,.355,.679,0,0,1
682987,Spencer Jones,147,Yankees,2026-06-28,3,0,0,0,0,0,3,0,0,0,L,.215,.311,.338,.649,0,0,0
682987,Spencer Jones,147,Yankees,2026-06-29,3,2,2,0,0,0,0,0,0,0,L,.235,.325,.382,.707,1,0,4
682987,Spencer Jones,147,Yankees,2026-06-30,3,0,0,0,0,0,2,0,0,0,L,.225,.313,.366,.679,0,0,0
682987,Spencer Jones,147,Yankees,2026-07-01,2,1,0,0,0,0,0,0,0,0,L,.233,.317,.370,.687,0,0,1
682987,Spencer Jones,147,Yankees,2026-07-22,3,0,0,0,0,0,1,1,0,0,L,.224,.314,.355,.669,0,0,0
682987,Spencer Jones,147,Yankees,2026-07-26,0,0,0,0,0,0,0,1,0,0,L,.224,.322,.355,.677,0,0,0
682987,Spencer Jones,147,Yankees,2026-07-27,2,0,0,0,0,1,0,0,0,0,L,.218,.315,.346,.661,0,0,0
682987,Spencer Jones,147,Yankees,2026-07-28,2,0,0,0,0,0,1,0,0,0,L,.213,.308,.338,.646,0,0,0
682987,Spencer Jones,147,Yankees,2026-07-29,4,2,0,0,1,3,2,0,0,0,L,.226,.316,.381,.697,1,1,5
663757,Trent Grisham,147,Yankees,2026-07-19,5,0,0,0,0,0,0,0,0,0,L,.230,.332,.419,.751,0,0,0
663757,Trent Grisham,147,Yankees,2026-07-20,4,0,0,0,0,0,1,0,0,0,L,.226,.328,.412,.740,0,0,0
663757,Trent Grisham,147,Yankees,2026-07-22,4,1,0,0,0,0,0,1,0,0,L,.227,.329,.410,.739,0,0,1
663757,Trent Grisham,147,Yankees,2026-07-22,3,0,0,0,0,0,1,1,0,0,L,.224,.328,.406,.734,0,0,0
663757,Trent Grisham,147,Yankees,2026-07-24,3,0,0,0,0,0,0,0,0,0,L,.222,.325,.401,.726,0,0,0
663757,Trent Grisham,147,Yankees,2026-07-25,4,0,0,0,0,0,0,0,0,0,L,.219,.321,.396,.717,0,0,0
663757,Trent Grisham,147,Yankees,2026-07-26,4,0,0,0,0,0,1,0,0,0,L,.216,.318,.390,.708,0,0,0
663757,Trent Grisham,147,Yankees,2026-07-27,1,0,0,0,0,0,0,0,0,0,L,.215,.317,.389,.706,1,0,0
663757,Trent Grisham,147,Yankees,2026-07-28,3,1,0,0,0,0,0,1,0,0,L,.216,.319,.389,.708,1,0,1
663757,Trent Grisham,147,Yankees,2026-07-29,5,0,0,0,0,0,2,1,0,0,L,.213,.316,.382,.698,0,0,0
655316,Andruw Monasterio,111,Red Sox,2026-07-12,2,1,1,0,0,1,0,2,0,0,R,.229,.280,.414,.694,0,0,2
655316,Andruw Monasterio,111,Red Sox,2026-07-18,3,2,2,0,0,0,0,1,0,0,R,.238,.291,.431,.722,2,0,4
655316,Andruw Monasterio,111,Red Sox,2026-07-19,3,1,1,0,0,1,1,1,0,0,R,.239,.295,.436,.731,0,0,2
655316,Andruw Monasterio,111,Red Sox,2026-07-22,3,2,0,0,0,0,0,0,0,0,R,.247,.302,.440,.742,0,0,2
655316,Andruw Monasterio,111,Red Sox,2026-07-24,3,1,0,0,0,1,1,0,0,1,R,.249,.301,.438,.739,0,0,1
655316,Andruw Monasterio,111,Red Sox,2026-07-25,3,1,1,0,0,0,1,0,0,0,R,.250,.301,.442,.743,0,0,2
655316,Andruw Monasterio,111,Red Sox,2026-07-26,3,1,0,0,0,0,0,1,0,0,R,.251,.305,.440,.745,2,0,1
655316,Andruw Monasterio,111,Red Sox,2026-07-27,3,1,1,0,0,0,1,1,0,0,R,.253,.309,.444,.753,0,0,2
655316,Andruw Monasterio,111,Red Sox,2026-07-28,3,0,0,0,0,0,2,1,0,0,R,.249,.308,.436,.744,0,0,0
655316,Andruw Monasterio,111,Red Sox,2026-07-29,4,3,0,0,1,2,0,0,1,0,R,.259,.320,.459,.779,1,0,6
678011,Anthony Seigler,111,Red Sox,2026-07-12,4,0,0,0,0,1,0,0,0,1,S,.257,.333,.419,.752,0,0,0
678011,Anthony Seigler,111,Red Sox,2026-07-17,5,2,0,0,0,0,0,0,0,0,S,.266,.337,.418,.755,0,0,2
678011,Anthony Seigler,111,Red Sox,2026-07-17,3,1,1,0,0,1,0,1,0,0,S,.268,.344,.427,.771,0,0,2
678011,Anthony Seigler,111,Red Sox,2026-07-18,4,0,0,0,0,0,3,0,0,0,S,.256,.330,.407,.737,0,0,0
678011,Anthony Seigler,111,Red Sox,2026-07-20,4,0,0,0,0,0,0,0,0,0,S,.244,.317,.389,.706,0,0,0
678011,Anthony Seigler,111,Red Sox,2026-07-22,4,1,0,0,0,0,1,0,0,0,S,.245,.314,.383,.697,0,0,1
678011,Anthony Seigler,111,Red Sox,2026-07-24,5,4,2,0,1,2,0,0,0,0,S,.273,.336,.455,.791,2,0,9
678011,Anthony Seigler,111,Red Sox,2026-07-25,3,0,0,0,0,0,1,1,0,0,S,.265,.333,.441,.774,0,0,0
678011,Anthony Seigler,111,Red Sox,2026-07-27,2,0,0,0,0,0,1,0,0,0,S,.260,.328,.433,.761,0,0,0
678011,Anthony Seigler,111,Red Sox,2026-07-28,1,0,0,0,0,0,0,1,0,0,S,.257,.331,.429,.760,0,0,0
702332,Caleb Durbin,111,Red Sox,2026-07-19,4,1,0,0,0,1,0,0,0,0,R,.236,.299,.392,.691,1,1,1
702332,Caleb Durbin,111,Red Sox,2026-07-20,4,1,0,0,1,1,0,0,0,0,R,.236,.299,.400,.699,1,0,4
702332,Caleb Durbin,111,Red Sox,2026-07-22,4,2,0,0,0,2,0,0,0,0,R,.239,.301,.401,.702,2,0,2
702332,Caleb Durbin,111,Red Sox,2026-07-22,3,0,0,0,0,0,0,1,0,0,R,.237,.300,.397,.697,0,0,0
702332,Caleb Durbin,111,Red Sox,2026-07-24,3,0,0,0,0,0,2,0,1,0,R,.235,.300,.394,.694,0,0,0
702332,Caleb Durbin,111,Red Sox,2026-07-25,2,0,0,0,0,0,1,1,0,0,R,.233,.300,.391,.691,0,0,0
702332,Caleb Durbin,111,Red Sox,2026-07-26,4,2,0,0,0,0,1,0,0,0,R,.237,.302,.393,.695,1,0,2
702332,Caleb Durbin,111,Red Sox,2026-07-27,4,1,1,0,0,0,1,0,0,0,R,.237,.302,.394,.696,0,0,2
702332,Caleb Durbin,111,Red Sox,2026-07-28,3,1,0,0,0,0,1,0,0,0,R,.238,.302,.393,.695,0,1,1
702332,Caleb Durbin,111,Red Sox,2026-07-29,4,3,0,0,0,0,0,1,0,0,R,.244,.309,.398,.707,1,0,3
665966,Carlos Narváez,111,Red Sox,2026-07-05,4,0,0,0,0,0,1,0,0,0,R,.189,.256,.270,.526,0,0,0
665966,Carlos Narváez,111,Red Sox,2026-07-08,3,1,0,0,0,1,0,0,0,0,R,.192,.257,.272,.529,0,0,1
665966,Carlos Narváez,111,Red Sox,2026-07-11,3,0,0,0,0,0,1,1,0,0,R,.188,.257,.266,.523,0,0,0
665966,Carlos Narváez,111,Red Sox,2026-07-17,4,3,0,0,1,3,0,0,0,0,R,.203,.269,.297,.566,2,0,6
665966,Carlos Narváez,111,Red Sox,2026-07-18,2,0,0,0,0,0,2,0,0,0,R,.200,.266,.294,.560,0,0,0
665966,Carlos Narváez,111,Red Sox,2026-07-22,2,0,0,0,0,0,1,0,0,0,R,.198,.263,.290,.553,0,0,0
665966,Carlos Narváez,111,Red Sox,2026-07-24,0,0,0,0,0,0,0,0,0,0,R,.198,.263,.290,.553,0,0,0
665966,Carlos Narváez,111,Red Sox,2026-07-26,1,0,0,0,0,0,1,0,0,0,R,.196,.261,.288,.549,0,0,0
665966,Carlos Narváez,111,Red Sox,2026-07-28,1,0,0,0,0,0,1,1,0,0,R,.195,.264,.287,.551,0,0,0
665966,Carlos Narváez,111,Red Sox,2026-07-29,2,0,0,0,0,0,1,0,0,0,R,.193,.261,.283,.544,0,0,0
678882,Ceddanne Rafaela,111,Red Sox,2026-07-19,4,2,0,0,0,0,0,0,0,0,R,.281,.326,.435,.761,1,0,2
678882,Ceddanne Rafaela,111,Red Sox,2026-07-20,4,1,0,0,0,1,2,0,0,0,R,.281,.326,.433,.759,1,0,1
678882,Ceddanne Rafaela,111,Red Sox,2026-07-22,4,2,0,0,1,1,0,0,0,0,R,.283,.327,.441,.768,2,0,5
678882,Ceddanne Rafaela,111,Red Sox,2026-07-22,4,0,0,0,0,0,0,0,0,0,R,.280,.324,.437,.761,0,0,0
678882,Ceddanne Rafaela,111,Red Sox,2026-07-24,5,2,0,0,1,2,2,0,0,0,R,.282,.325,.444,.769,1,0,5
678882,Ceddanne Rafaela,111,Red Sox,2026-07-25,4,0,0,0,0,0,1,0,0,0,R,.279,.322,.439,.761,0,0,0
678882,Ceddanne Rafaela,111,Red Sox,2026-07-26,4,1,0,0,0,1,1,0,0,0,R,.279,.321,.438,.759,0,0,1
678882,Ceddanne Rafaela,111,Red Sox,2026-07-27,4,1,0,0,1,4,0,0,0,0,R,.278,.320,.443,.763,1,0,4
678882,Ceddanne Rafaela,111,Red Sox,2026-07-28,4,1,0,0,0,0,2,0,0,0,R,.278,.320,.441,.761,0,0,1
678882,Ceddanne Rafaela,111,Red Sox,2026-07-29,5,2,1,0,0,0,3,0,0,0,R,.280,.321,.443,.764,0,0,3
657136,Connor Wong,111,Red Sox,2026-07-18,0,0,0,0,0,0,0,0,0,0,R,.283,.383,.381,.764,0,0,0
657136,Connor Wong,111,Red Sox,2026-07-19,3,0,0,0,0,0,2,0,0,0,R,.276,.375,.371,.746,0,0,0
657136,Connor Wong,111,Red Sox,2026-07-20,3,1,0,0,0,0,1,0,0,0,R,.277,.374,.370,.744,0,0,1
657136,Connor Wong,111,Red Sox,2026-07-22,3,0,0,0,0,0,2,0,0,0,R,.270,.366,.361,.727,0,0,0
657136,Connor Wong,111,Red Sox,2026-07-22,0,0,0,0,0,0,0,0,0,0,R,.270,.366,.361,.727,0,0,0
657136,Connor Wong,111,Red Sox,2026-07-24,3,1,0,0,0,0,2,0,0,0,R,.272,.366,.360,.726,0,0,1
657136,Connor Wong,111,Red Sox,2026-07-25,3,0,0,0,0,0,2,0,0,0,R,.266,.358,.352,.710,0,0,0
657136,Connor Wong,111,Red Sox,2026-07-27,4,1,1,0,0,0,0,0,0,0,R,.265,.355,.356,.711,1,0,2
657136,Connor Wong,111,Red Sox,2026-07-28,1,1,0,0,1,2,0,0,0,0,R,.271,.359,.383,.742,1,0,4
657136,Connor Wong,111,Red Sox,2026-07-29,2,0,0,0,0,0,0,0,0,0,R,.267,.355,.378,.733,0,0,0
680776,Jarren Duran,111,Red Sox,2026-07-19,3,0,0,0,0,0,0,1,0,0,L,.190,.254,.340,.594,0,0,0
680776,Jarren Duran,111,Red Sox,2026-07-20,3,1,0,0,0,1,1,0,0,1,L,.191,.254,.340,.594,0,0,1
680776,Jarren Duran,111,Red Sox,2026-07-22,3,1,0,1,0,3,1,0,0,1,L,.192,.254,.345,.599,0,0,3
680776,Jarren Duran,111,Red Sox,2026-07-22,4,0,0,0,0,0,0,0,0,0,L,.190,.251,.342,.593,0,0,0
680776,Jarren Duran,111,Red Sox,2026-07-24,4,2,0,0,0,0,1,0,0,0,L,.193,.254,.343,.597,1,0,2
680776,Jarren Duran,111,Red Sox,2026-07-25,3,0,0,0,0,0,2,0,0,0,L,.192,.252,.341,.593,0,0,0
680776,Jarren Duran,111,Red Sox,2026-07-26,4,3,0,0,0,2,0,0,0,0,L,.198,.257,.345,.602,1,1,3
680776,Jarren Duran,111,Red Sox,2026-07-27,4,0,0,0,0,0,1,0,0,0,L,.196,.254,.341,.595,0,0,0
680776,Jarren Duran,111,Red Sox,2026-07-28,4,2,0,0,0,0,2,0,0,0,L,.199,.257,.343,.600,1,0,2
680776,Jarren Duran,111,Red Sox,2026-07-29,3,0,0,0,0,0,0,0,0,0,L,.197,.255,.340,.595,0,0,0
807799,Masataka Yoshida,111,Red Sox,2026-07-18,1,0,0,0,0,1,0,0,0,0,L,.267,.343,.401,.744,0,0,0
807799,Masataka Yoshida,111,Red Sox,2026-07-20,4,1,0,0,0,0,1,0,0,0,L,.267,.341,.398,.739,0,0,1
807799,Masataka Yoshida,111,Red Sox,2026-07-22,3,1,0,0,0,0,0,1,0,0,L,.268,.344,.397,.741,1,0,1
807799,Masataka Yoshida,111,Red Sox,2026-07-22,4,1,0,0,0,1,0,0,0,0,L,.268,.342,.394,.736,0,0,1
807799,Masataka Yoshida,111,Red Sox,2026-07-24,2,0,0,0,0,0,0,2,0,0,L,.265,.345,.390,.735,1,0,0
807799,Masataka Yoshida,111,Red Sox,2026-07-25,3,0,0,0,0,0,0,0,0,0,L,.261,.341,.384,.725,0,0,0
807799,Masataka Yoshida,111,Red Sox,2026-07-26,3,0,0,0,0,0,0,0,0,0,L,.257,.336,.379,.715,0,0,0
807799,Masataka Yoshida,111,Red Sox,2026-07-27,3,1,0,0,0,0,0,1,0,0,L,.258,.339,.378,.717,0,0,1
807799,Masataka Yoshida,111,Red Sox,2026-07-28,1,1,0,0,0,0,0,0,0,0,L,.262,.342,.381,.723,1,0,1
807799,Masataka Yoshida,111,Red Sox,2026-07-29,1,0,0,0,0,0,0,0,0,0,L,.261,.340,.379,.719,0,0,0
686765,Nick Sogard,111,Red Sox,2026-05-20,3,1,0,0,0,1,1,1,0,0,S,.286,.375,.357,.732,0,0,1
686765,Nick Sogard,111,Red Sox,2026-05-22,3,2,0,0,0,0,1,1,0,0,S,.353,.450,.412,.862,1,0,2
686765,Nick Sogard,111,Red Sox,2026-05-23,2,0,0,0,0,0,0,2,0,0,S,.316,.458,.368,.826,0,0,0
686765,Nick Sogard,111,Red Sox,2026-05-24,4,1,0,1,0,0,0,0,0,0,S,.304,.429,.435,.864,1,0,3
686765,Nick Sogard,111,Red Sox,2026-05-26,4,1,1,0,0,0,1,0,0,0,S,.296,.406,.444,.850,1,0,2
686765,Nick Sogard,111,Red Sox,2026-05-27,3,1,0,0,0,0,0,0,0,0,S,.300,.400,.433,.833,0,0,1
686765,Nick Sogard,111,Red Sox,2026-05-28,3,0,0,0,0,0,1,0,0,0,S,.273,.368,.394,.762,0,0,0
686765,Nick Sogard,111,Red Sox,2026-05-29,0,0,0,0,0,0,0,0,0,0,S,.273,.368,.394,.762,0,0,0
686765,Nick Sogard,111,Red Sox,2026-05-30,2,0,0,0,0,0,0,0,0,0,S,.257,.350,.371,.721,0,0,0
686765,Nick Sogard,111,Red Sox,2026-07-29,5,2,0,0,0,1,2,0,0,0,S,.275,.356,.375,.731,0,0,2
663853,Romy Gonzalez,111,Red Sox,2026-07-11,2,0,0,0,0,0,1,0,0,0,R,.250,.308,.417,.725,0,0,0
663853,Romy Gonzalez,111,Red Sox,2026-07-12,3,0,0,0,0,0,0,1,0,0,R,.231,.302,.385,.687,0,0,0
663853,Romy Gonzalez,111,Red Sox,2026-07-17,3,0,0,0,0,0,2,1,0,0,R,.214,.298,.357,.655,1,0,0
663853,Romy Gonzalez,111,Red Sox,2026-07-18,3,0,0,0,0,0,0,0,1,0,R,.200,.294,.333,.627,0,1,0
663853,Romy Gonzalez,111,Red Sox,2026-07-19,4,0,0,0,0,1,1,0,0,0,R,.184,.273,.306,.579,0,0,0
663853,Romy Gonzalez,111,Red Sox,2026-07-22,4,1,1,0,0,0,1,0,0,0,R,.189,.271,.321,.592,0,0,2
663853,Romy Gonzalez,111,Red Sox,2026-07-24,1,1,1,0,0,1,0,0,0,0,R,.204,.283,.352,.635,1,0,2
663853,Romy Gonzalez,111,Red Sox,2026-07-26,3,1,0,0,0,0,1,0,0,0,R,.211,.286,.351,.637,0,0,1
663853,Romy Gonzalez,111,Red Sox,2026-07-28,3,0,0,0,0,0,1,1,0,0,R,.200,.284,.333,.617,0,0,0
663853,Romy Gonzalez,111,Red Sox,2026-07-29,5,0,0,0,0,0,1,0,0,0,R,.185,.264,.308,.572,1,0,0
575929,Willson Contreras,111,Red Sox,2026-07-19,3,1,0,0,1,2,0,1,0,0,R,.283,.380,.551,.931,2,0,4
575929,Willson Contreras,111,Red Sox,2026-07-20,4,3,1,0,0,2,1,0,0,0,R,.289,.384,.557,.941,1,0,4
575929,Willson Contreras,111,Red Sox,2026-07-22,4,2,0,0,0,0,1,0,0,0,R,.292,.385,.556,.941,1,0,2
575929,Willson Contreras,111,Red Sox,2026-07-22,2,1,1,0,0,0,0,0,2,0,R,.293,.389,.559,.948,1,0,2
575929,Willson Contreras,111,Red Sox,2026-07-24,4,1,0,0,0,0,2,1,0,0,R,.293,.389,.555,.944,0,1,1
575929,Willson Contreras,111,Red Sox,2026-07-25,2,0,0,0,0,0,2,1,0,0,R,.291,.389,.552,.941,0,0,0
575929,Willson Contreras,111,Red Sox,2026-07-26,3,0,0,0,0,0,1,1,0,0,R,.288,.388,.547,.935,1,0,0
575929,Willson Contreras,111,Red Sox,2026-07-27,2,0,0,0,0,0,1,1,1,0,R,.287,.389,.544,.933,1,0,0
575929,Willson Contreras,111,Red Sox,2026-07-28,2,0,0,0,0,0,1,2,0,0,R,.285,.390,.541,.931,0,0,0
575929,Willson Contreras,111,Red Sox,2026-07-29,3,1,0,0,0,0,2,2,0,0,R,.285,.392,.539,.931,0,0,1
677800,Wilyer Abreu,111,Red Sox,2026-07-19,3,0,0,0,0,0,0,0,1,0,L,.264,.337,.458,.795,1,0,0
677800,Wilyer Abreu,111,Red Sox,2026-07-20,4,1,1,0,0,1,1,0,0,0,L,.264,.337,.458,.795,2,0,2
677800,Wilyer Abreu,111,Red Sox,2026-07-22,4,0,0,0,0,0,0,0,0,0,L,.261,.333,.453,.786,0,0,0
677800,Wilyer Abreu,111,Red Sox,2026-07-22,4,0,0,0,0,0,2,0,0,0,L,.259,.330,.449,.779,0,0,0
677800,Wilyer Abreu,111,Red Sox,2026-07-24,4,0,0,0,0,0,2,1,0,0,L,.256,.329,.444,.773,0,0,0
677800,Wilyer Abreu,111,Red Sox,2026-07-25,4,0,0,0,0,0,2,0,0,0,L,.253,.326,.439,.765,0,0,0
677800,Wilyer Abreu,111,Red Sox,2026-07-26,4,1,1,0,0,1,2,0,0,0,L,.253,.325,.440,.765,0,0,2
677800,Wilyer Abreu,111,Red Sox,2026-07-27,3,0,0,0,0,0,0,1,0,0,L,.251,.324,.437,.761,1,0,0
677800,Wilyer Abreu,111,Red Sox,2026-07-28,4,1,0,0,0,1,0,0,0,0,L,.251,.324,.435,.759,0,0,1
677800,Wilyer Abreu,111,Red Sox,2026-07-29,5,0,0,0,0,0,2,0,0,0,L,.248,.320,.429,.749,0,0,0
608324,Alex Bregman,112,Cubs,2026-07-18,4,0,0,0,0,0,2,0,0,0,R,.236,.333,.353,.686,0,0,0
608324,Alex Bregman,112,Cubs,2026-07-19,4,2,0,0,1,2,0,1,0,0,R,.239,.336,.362,.698,2,0,5
608324,Alex Bregman,112,Cubs,2026-07-20,5,2,0,0,0,0,2,0,0,0,R,.241,.336,.363,.699,2,0,2
608324,Alex Bregman,112,Cubs,2026-07-21,4,1,0,0,0,1,0,0,1,0,R,.241,.337,.362,.699,1,0,1
608324,Alex Bregman,112,Cubs,2026-07-22,4,0,0,0,0,0,2,0,0,0,R,.239,.334,.358,.692,0,0,0
608324,Alex Bregman,112,Cubs,2026-07-24,3,0,0,0,0,0,0,1,0,0,R,.237,.333,.355,.688,0,0,0
608324,Alex Bregman,112,Cubs,2026-07-25,5,0,0,0,0,0,2,1,0,0,R,.234,.331,.351,.682,0,0,0
608324,Alex Bregman,112,Cubs,2026-07-27,5,4,2,0,1,2,0,0,0,0,R,.241,.336,.369,.705,3,0,9
608324,Alex Bregman,112,Cubs,2026-07-28,5,3,1,0,0,0,1,0,0,0,R,.245,.339,.374,.713,2,0,4
608324,Alex Bregman,112,Cubs,2026-07-29,4,1,1,0,0,0,1,0,0,0,R,.245,.338,.375,.713,0,0,2
608348,Carson Kelly,112,Cubs,2026-07-17,4,0,0,0,0,0,1,0,0,0,R,.268,.357,.393,.750,0,0,0
608348,Carson Kelly,112,Cubs,2026-07-19,3,1,0,0,0,1,0,1,0,0,R,.269,.359,.392,.751,0,0,1
608348,Carson Kelly,112,Cubs,2026-07-20,1,0,0,0,0,0,0,0,0,0,R,.268,.358,.390,.748,0,0,0
608348,Carson Kelly,112,Cubs,2026-07-21,3,1,0,0,0,2,1,2,0,0,R,.268,.362,.390,.752,1,0,1
608348,Carson Kelly,112,Cubs,2026-07-22,3,0,0,0,0,0,0,0,0,0,R,.265,.358,.385,.743,0,0,0
608348,Carson Kelly,112,Cubs,2026-07-24,3,0,0,0,0,0,0,0,0,0,R,.262,.354,.380,.734,0,0,0
608348,Carson Kelly,112,Cubs,2026-07-26,4,0,0,0,0,1,3,0,0,0,R,.257,.349,.373,.722,0,0,0
608348,Carson Kelly,112,Cubs,2026-07-27,5,2,0,0,0,0,1,0,0,0,R,.260,.350,.374,.724,1,0,2
608348,Carson Kelly,112,Cubs,2026-07-28,4,1,0,0,0,1,0,1,0,0,R,.260,.351,.372,.723,1,0,1
608348,Carson Kelly,112,Cubs,2026-07-29,0,0,0,0,0,0,0,0,0,0,R,.260,.351,.372,.723,0,0,0
621020,Dansby Swanson,112,Cubs,2026-07-18,4,1,0,1,0,0,0,0,0,0,R,.209,.290,.413,.703,1,1,3
621020,Dansby Swanson,112,Cubs,2026-07-19,4,0,0,0,0,0,1,0,0,0,R,.207,.287,.407,.694,0,0,0
621020,Dansby Swanson,112,Cubs,2026-07-20,4,2,1,0,0,0,0,1,0,0,R,.210,.291,.412,.703,0,0,3
621020,Dansby Swanson,112,Cubs,2026-07-21,3,2,0,0,0,0,0,1,0,0,R,.215,.296,.414,.710,3,1,2
621020,Dansby Swanson,112,Cubs,2026-07-22,3,0,0,0,0,0,0,0,0,0,R,.213,.294,.410,.704,0,0,0
621020,Dansby Swanson,112,Cubs,2026-07-24,4,1,0,0,0,1,2,0,0,0,R,.213,.293,.408,.701,0,0,1
621020,Dansby Swanson,112,Cubs,2026-07-25,4,2,1,0,0,1,1,1,0,0,R,.216,.297,.412,.709,2,0,3
621020,Dansby Swanson,112,Cubs,2026-07-26,4,2,0,0,0,1,0,0,0,0,R,.220,.299,.413,.712,1,0,2
621020,Dansby Swanson,112,Cubs,2026-07-27,4,1,0,0,0,0,2,0,0,0,R,.220,.299,.411,.710,0,0,1
621020,Dansby Swanson,112,Cubs,2026-07-29,4,0,0,0,0,0,1,0,0,0,R,.218,.296,.407,.703,1,0,0
664023,Ian Happ,112,Cubs,2026-07-19,3,0,0,0,0,0,1,1,0,0,S,.217,.328,.423,.751,1,0,0
664023,Ian Happ,112,Cubs,2026-07-20,4,1,0,0,1,2,0,1,0,0,S,.218,.329,.429,.758,1,0,4
664023,Ian Happ,112,Cubs,2026-07-21,3,1,0,0,0,1,1,1,1,0,S,.218,.332,.429,.761,1,0,1
664023,Ian Happ,112,Cubs,2026-07-22,3,2,1,0,0,0,1,1,0,0,S,.222,.336,.433,.769,0,0,3
664023,Ian Happ,112,Cubs,2026-07-24,4,1,0,0,0,0,2,0,0,0,S,.223,.335,.431,.766,1,0,1
664023,Ian Happ,112,Cubs,2026-07-25,3,0,0,0,0,0,2,1,0,0,S,.221,.334,.428,.762,0,0,0
664023,Ian Happ,112,Cubs,2026-07-26,5,1,0,0,0,0,2,0,0,0,S,.220,.333,.425,.758,0,0,1
664023,Ian Happ,112,Cubs,2026-07-27,4,0,0,0,0,0,2,1,0,0,S,.218,.331,.420,.751,0,0,0
664023,Ian Happ,112,Cubs,2026-07-28,4,2,2,0,0,2,1,1,0,0,S,.221,.334,.426,.760,1,0,4
664023,Ian Happ,112,Cubs,2026-07-29,4,0,0,0,0,0,2,0,0,0,S,.219,.331,.422,.753,0,0,0
701649,James Triantos,112,Cubs,2026-07-25,1,1,0,0,0,0,0,0,0,0,R,1.000,1.000,1.000,2.000,1,0,1
701649,James Triantos,112,Cubs,2026-07-28,1,0,0,0,0,0,0,0,0,0,R,.500,.500,.500,1.000,0,0,0
681909,Justin Dean,112,Cubs,2026-06-30,0,0,0,0,0,0,0,0,0,0,R,.500,.500,1.000,1.500,0,0,0
681909,Justin Dean,112,Cubs,2026-07-01,0,0,0,0,0,0,0,1,0,0,R,.500,.600,1.000,1.600,1,0,0
681909,Justin Dean,112,Cubs,2026-07-03,1,0,0,0,0,0,1,0,0,0,R,.400,.500,.800,1.300,0,0,0
681909,Justin Dean,112,Cubs,2026-07-08,0,0,0,0,0,0,0,0,0,0,R,.400,.500,.800,1.300,0,0,0
681909,Justin Dean,112,Cubs,2026-07-09,0,0,0,0,0,0,0,0,0,0,R,.400,.500,.800,1.300,0,0,0
681909,Justin Dean,112,Cubs,2026-07-19,0,0,0,0,0,0,0,1,0,0,R,.400,.571,.800,1.371,0,0,0
681909,Justin Dean,112,Cubs,2026-07-21,1,0,0,0,0,0,1,0,0,0,R,.333,.500,.667,1.167,0,0,0
681909,Justin Dean,112,Cubs,2026-07-25,1,0,0,0,0,0,1,0,0,0,R,.286,.444,.571,1.015,0,0,0
681909,Justin Dean,112,Cubs,2026-07-28,1,1,0,0,0,0,0,0,0,0,R,.375,.500,.625,1.125,0,0,1
681909,Justin Dean,112,Cubs,2026-07-29,0,0,0,0,0,0,0,0,0,0,R,.375,.500,.625,1.125,0,0,0
683737,Michael Busch,112,Cubs,2026-07-19,5,3,0,0,0,1,1,0,0,0,L,.244,.370,.403,.773,2,0,3
683737,Michael Busch,112,Cubs,2026-07-20,4,1,0,0,1,1,2,1,0,0,L,.245,.370,.409,.779,1,0,4
683737,Michael Busch,112,Cubs,2026-07-21,5,1,0,0,0,1,3,0,0,0,L,.244,.368,.407,.775,1,0,1
683737,Michael Busch,112,Cubs,2026-07-22,4,1,0,0,0,0,1,0,0,0,L,.244,.367,.405,.772,0,0,1
683737,Michael Busch,112,Cubs,2026-07-24,5,0,0,0,0,0,2,0,0,0,L,.241,.363,.399,.762,0,0,0
683737,Michael Busch,112,Cubs,2026-07-25,6,3,0,0,0,2,2,0,0,0,L,.245,.365,.401,.766,0,0,3
683737,Michael Busch,112,Cubs,2026-07-26,4,2,1,0,0,0,0,1,0,0,L,.247,.368,.405,.773,1,0,3
683737,Michael Busch,112,Cubs,2026-07-27,5,0,0,0,0,0,1,0,0,0,L,.244,.364,.399,.763,0,0,0
683737,Michael Busch,112,Cubs,2026-07-28,5,1,0,0,0,1,0,0,0,0,L,.244,.362,.397,.759,1,0,1
683737,Michael Busch,112,Cubs,2026-07-29,5,0,0,0,0,0,2,0,0,0,L,.241,.358,.392,.750,0,0,0
624424,Michael Conforto,112,Cubs,2026-07-17,4,1,0,0,0,0,1,0,0,0,L,.243,.329,.479,.808,0,0,1
624424,Michael Conforto,112,Cubs,2026-07-19,1,0,0,0,0,0,1,0,0,0,L,.241,.327,.476,.803,0,0,0
624424,Michael Conforto,112,Cubs,2026-07-20,1,0,0,0,0,0,0,0,0,0,L,.240,.325,.473,.798,0,0,0
624424,Michael Conforto,112,Cubs,2026-07-21,2,1,0,0,1,2,0,1,0,0,L,.243,.331,.493,.824,1,0,4
624424,Michael Conforto,112,Cubs,2026-07-22,3,0,0,0,0,0,3,0,0,0,L,.238,.326,.483,.809,0,0,0
624424,Michael Conforto,112,Cubs,2026-07-24,1,0,0,0,0,0,0,0,0,0,L,.237,.324,.480,.804,0,0,0
624424,Michael Conforto,112,Cubs,2026-07-25,1,0,0,0,0,0,0,0,0,0,L,.235,.322,.477,.799,0,0,0
624424,Michael Conforto,112,Cubs,2026-07-26,3,1,1,0,0,0,0,1,0,0,L,.237,.326,.481,.807,2,0,2
624424,Michael Conforto,112,Cubs,2026-07-28,4,2,0,0,0,0,1,0,0,0,L,.244,.330,.481,.811,1,0,2
624424,Michael Conforto,112,Cubs,2026-07-29,1,0,0,0,0,0,0,2,1,0,L,.242,.339,.478,.817,0,0,0
665804,Miguel Amaya,112,Cubs,2026-07-04,3,0,0,0,0,0,1,0,0,0,R,.223,.352,.347,.699,0,0,0
665804,Miguel Amaya,112,Cubs,2026-07-07,3,2,1,0,0,0,1,1,0,0,R,.234,.362,.363,.725,3,0,3
665804,Miguel Amaya,112,Cubs,2026-07-09,3,0,0,0,0,0,0,0,0,0,R,.228,.355,.354,.709,0,0,0
665804,Miguel Amaya,112,Cubs,2026-07-11,4,1,0,0,0,0,1,0,0,0,R,.229,.353,.351,.704,1,0,1
665804,Miguel Amaya,112,Cubs,2026-07-18,4,1,1,0,0,2,1,0,0,0,R,.230,.350,.356,.706,0,0,2
665804,Miguel Amaya,112,Cubs,2026-07-20,3,1,0,0,0,0,2,0,0,0,R,.232,.350,.355,.705,1,0,1
665804,Miguel Amaya,112,Cubs,2026-07-24,0,0,0,0,0,0,0,0,0,0,R,.232,.350,.355,.705,0,0,0
665804,Miguel Amaya,112,Cubs,2026-07-25,4,2,0,0,0,2,1,0,1,0,R,.239,.357,.359,.716,2,0,2
665804,Miguel Amaya,112,Cubs,2026-07-27,4,2,0,0,0,1,0,0,0,0,R,.247,.360,.363,.723,0,0,2
665804,Miguel Amaya,112,Cubs,2026-07-29,3,0,0,0,0,0,1,0,0,0,R,.242,.354,.356,.710,0,0,0
663538,Nico Hoerner,112,Cubs,2026-07-19,5,2,0,1,0,4,2,0,0,0,R,.245,.314,.341,.655,1,0,4
663538,Nico Hoerner,112,Cubs,2026-07-20,5,2,0,0,0,0,0,0,0,0,R,.247,.315,.342,.657,0,0,2
663538,Nico Hoerner,112,Cubs,2026-07-21,5,1,0,0,0,0,0,0,0,0,R,.247,.314,.340,.654,1,0,1
663538,Nico Hoerner,112,Cubs,2026-07-22,4,0,0,0,0,0,1,0,0,0,R,.244,.311,.337,.648,0,0,0
663538,Nico Hoerner,112,Cubs,2026-07-24,4,1,0,0,0,0,1,0,0,0,R,.244,.310,.336,.646,0,0,1
663538,Nico Hoerner,112,Cubs,2026-07-25,4,1,0,0,0,0,1,0,0,0,R,.244,.310,.335,.645,1,0,1
663538,Nico Hoerner,112,Cubs,2026-07-26,4,2,0,0,0,1,0,0,0,0,R,.247,.312,.337,.649,1,0,2
663538,Nico Hoerner,112,Cubs,2026-07-27,5,4,0,0,1,4,0,0,0,0,R,.254,.317,.349,.666,2,0,7
663538,Nico Hoerner,112,Cubs,2026-07-28,4,1,0,0,0,2,1,1,0,0,R,.254,.318,.348,.666,1,1,1
663538,Nico Hoerner,112,Cubs,2026-07-29,1,0,0,0,0,0,0,0,0,0,R,.253,.317,.348,.665,0,0,0
699393,Pedro Ramírez,112,Cubs,2026-07-12,1,0,0,0,0,0,1,1,0,0,S,.246,.290,.386,.676,0,0,0
699393,Pedro Ramírez,112,Cubs,2026-07-18,3,2,1,0,0,2,0,1,0,0,S,.267,.318,.417,.735,0,0,3
699393,Pedro Ramírez,112,Cubs,2026-07-19,4,2,1,0,0,1,0,0,0,0,S,.281,.329,.438,.767,1,0,3
699393,Pedro Ramírez,112,Cubs,2026-07-20,5,1,0,0,0,1,2,0,0,0,S,.275,.320,.420,.740,0,0,1
699393,Pedro Ramírez,112,Cubs,2026-07-21,1,1,1,0,0,0,0,0,0,0,S,.286,.329,.443,.772,0,0,2
699393,Pedro Ramírez,112,Cubs,2026-07-24,4,1,0,0,0,0,1,0,0,0,S,.284,.325,.432,.757,1,0,1
699393,Pedro Ramírez,112,Cubs,2026-07-25,4,2,1,0,0,1,1,1,0,0,S,.295,.341,.449,.790,2,1,3
699393,Pedro Ramírez,112,Cubs,2026-07-26,4,2,0,0,0,1,0,0,0,0,S,.305,.348,.451,.799,1,0,2
699393,Pedro Ramírez,112,Cubs,2026-07-28,5,3,1,0,0,1,1,0,0,0,S,.322,.362,.471,.833,1,1,4
699393,Pedro Ramírez,112,Cubs,2026-07-29,2,0,0,0,0,0,1,2,0,0,S,.315,.367,.461,.828,0,0,0
691718,Pete Crow-Armstrong,112,Cubs,2026-07-19,4,1,1,0,0,0,2,0,0,0,L,.284,.379,.519,.898,1,0,2
691718,Pete Crow-Armstrong,112,Cubs,2026-07-20,4,0,0,0,0,0,0,1,0,0,L,.281,.377,.513,.890,0,0,0
691718,Pete Crow-Armstrong,112,Cubs,2026-07-21,2,2,0,1,0,2,0,3,0,0,L,.285,.384,.521,.905,1,0,4
691718,Pete Crow-Armstrong,112,Cubs,2026-07-22,3,0,0,0,0,0,2,0,1,0,L,.282,.383,.517,.900,0,0,0
691718,Pete Crow-Armstrong,112,Cubs,2026-07-24,4,2,1,0,1,1,2,1,0,0,L,.285,.385,.527,.912,1,0,6
691718,Pete Crow-Armstrong,112,Cubs,2026-07-25,5,4,2,0,1,3,1,0,0,0,L,.291,.390,.544,.934,3,1,9
691718,Pete Crow-Armstrong,112,Cubs,2026-07-26,5,1,0,1,0,1,2,0,0,0,L,.290,.388,.545,.933,0,0,3
691718,Pete Crow-Armstrong,112,Cubs,2026-07-27,3,0,0,0,0,0,2,2,0,0,L,.288,.388,.540,.928,0,0,0
691718,Pete Crow-Armstrong,112,Cubs,2026-07-28,4,0,0,0,0,1,3,0,0,1,L,.285,.384,.535,.919,0,0,0
691718,Pete Crow-Armstrong,112,Cubs,2026-07-29,5,1,0,0,1,2,0,0,0,0,L,.284,.382,.538,.920,1,0,4
673548,Seiya Suzuki,112,Cubs,2026-07-19,2,1,1,0,0,0,0,2,0,0,R,.273,.357,.469,.826,2,0,2
673548,Seiya Suzuki,112,Cubs,2026-07-20,4,1,0,0,1,2,2,1,0,0,R,.273,.357,.476,.833,1,0,4
673548,Seiya Suzuki,112,Cubs,2026-07-21,3,0,0,0,0,2,1,3,0,0,R,.270,.360,.472,.832,1,0,0
673548,Seiya Suzuki,112,Cubs,2026-07-22,4,1,0,0,1,1,2,0,0,0,R,.270,.358,.478,.836,1,0,4
673548,Seiya Suzuki,112,Cubs,2026-07-24,4,0,0,0,0,1,1,1,0,0,R,.267,.356,.472,.828,0,0,0
673548,Seiya Suzuki,112,Cubs,2026-07-25,5,1,0,0,0,2,4,0,1,0,R,.266,.356,.468,.824,0,0,1
673548,Seiya Suzuki,112,Cubs,2026-07-26,5,1,0,0,1,2,2,0,0,0,R,.265,.354,.473,.827,1,0,4
673548,Seiya Suzuki,112,Cubs,2026-07-27,5,2,1,0,0,0,1,0,0,0,R,.267,.355,.475,.830,1,0,3
673548,Seiya Suzuki,112,Cubs,2026-07-28,5,3,1,0,0,2,2,0,0,0,R,.272,.358,.480,.838,2,0,4
673548,Seiya Suzuki,112,Cubs,2026-07-29,3,1,0,0,0,0,0,2,0,0,R,.272,.361,.479,.840,0,0,1
667472,Dane Myers,113,Reds,2026-07-18,3,0,0,0,0,0,1,1,0,0,R,.248,.352,.372,.724,0,0,0
667472,Dane Myers,113,Reds,2026-07-19,2,2,1,0,0,0,0,2,0,0,R,.260,.370,.390,.760,1,0,3
667472,Dane Myers,113,Reds,2026-07-20,3,1,0,0,0,0,1,0,0,0,R,.262,.369,.389,.758,0,1,1
667472,Dane Myers,113,Reds,2026-07-21,1,0,0,0,0,0,0,0,0,0,R,.260,.367,.386,.753,0,0,0
667472,Dane Myers,113,Reds,2026-07-22,4,2,0,0,0,1,0,0,0,0,R,.267,.370,.389,.759,0,0,2
667472,Dane Myers,113,Reds,2026-07-24,4,0,0,0,0,0,2,0,0,0,R,.259,.361,.378,.739,0,0,0
667472,Dane Myers,113,Reds,2026-07-26,5,1,0,0,0,0,3,0,0,0,R,.257,.356,.371,.727,0,0,1
667472,Dane Myers,113,Reds,2026-07-28,4,2,0,0,0,0,1,0,0,0,R,.264,.359,.375,.734,0,0,2
667472,Dane Myers,113,Reds,2026-07-28,2,1,0,0,0,0,1,1,0,0,R,.267,.365,.377,.742,1,1,1
667472,Dane Myers,113,Reds,2026-07-29,2,1,0,0,0,0,0,1,1,0,R,.270,.374,.378,.752,1,0,1
695490,Edwin Arroyo,113,Reds,2026-07-18,2,1,0,0,0,0,0,0,0,0,S,.236,.274,.283,.557,0,0,1
695490,Edwin Arroyo,113,Reds,2026-07-19,0,0,0,0,0,0,0,0,0,0,S,.236,.274,.283,.557,0,0,0
695490,Edwin Arroyo,113,Reds,2026-07-20,2,1,0,0,0,0,0,1,0,0,S,.241,.284,.287,.571,0,0,1
695490,Edwin Arroyo,113,Reds,2026-07-21,3,1,0,0,0,0,1,0,0,0,S,.243,.286,.288,.574,0,0,1
695490,Edwin Arroyo,113,Reds,2026-07-22,3,2,0,0,0,0,1,1,0,0,S,.254,.301,.298,.599,1,0,2
695490,Edwin Arroyo,113,Reds,2026-07-24,4,1,0,0,0,0,0,0,0,0,S,.254,.299,.297,.596,0,0,1
695490,Edwin Arroyo,113,Reds,2026-07-25,3,0,0,0,0,0,1,0,0,0,S,.248,.292,.289,.581,0,0,0
695490,Edwin Arroyo,113,Reds,2026-07-26,2,0,0,0,0,0,0,0,0,0,S,.244,.288,.285,.573,0,0,0
695490,Edwin Arroyo,113,Reds,2026-07-28,4,1,0,0,0,1,2,0,0,0,S,.244,.287,.283,.570,1,0,1
695490,Edwin Arroyo,113,Reds,2026-07-29,4,1,0,0,0,0,2,0,0,0,S,.244,.286,.282,.568,0,1,1
682829,Elly De La Cruz,113,Reds,2026-07-19,4,1,0,0,0,0,0,1,0,0,S,.282,.353,.506,.859,2,0,1
682829,Elly De La Cruz,113,Reds,2026-07-20,3,0,0,0,0,0,1,1,0,0,S,.279,.352,.502,.854,0,1,0
682829,Elly De La Cruz,113,Reds,2026-07-21,3,1,0,0,1,1,0,1,0,0,S,.280,.354,.509,.863,1,0,4
682829,Elly De La Cruz,113,Reds,2026-07-22,4,0,0,0,0,0,1,1,0,0,S,.276,.351,.503,.854,0,1,0
682829,Elly De La Cruz,113,Reds,2026-07-24,4,1,0,0,0,0,1,1,0,0,S,.276,.352,.500,.852,1,2,1
682829,Elly De La Cruz,113,Reds,2026-07-25,3,1,0,0,0,0,1,1,0,0,S,.276,.354,.498,.852,0,0,1
682829,Elly De La Cruz,113,Reds,2026-07-26,5,2,0,0,1,1,2,0,0,0,S,.278,.354,.506,.860,2,0,5
682829,Elly De La Cruz,113,Reds,2026-07-28,5,2,0,0,0,0,2,0,0,0,S,.280,.355,.504,.859,1,0,2
682829,Elly De La Cruz,113,Reds,2026-07-28,4,0,0,0,0,0,3,0,0,0,S,.277,.351,.499,.850,0,0,0
682829,Elly De La Cruz,113,Reds,2026-07-29,4,0,0,0,0,0,1,1,0,0,S,.274,.349,.493,.842,0,0,0
553993,Eugenio Suárez,113,Reds,2026-07-17,4,2,1,0,1,1,1,0,0,0,R,.213,.288,.406,.694,1,0,6
553993,Eugenio Suárez,113,Reds,2026-07-18,4,0,0,0,0,0,2,0,0,0,R,.210,.284,.399,.683,0,0,0
553993,Eugenio Suárez,113,Reds,2026-07-19,4,1,0,0,0,0,2,0,0,0,R,.210,.283,.397,.680,1,0,1
553993,Eugenio Suárez,113,Reds,2026-07-20,3,0,0,0,0,0,0,0,0,0,R,.208,.280,.392,.672,0,0,0
553993,Eugenio Suárez,113,Reds,2026-07-21,4,1,0,0,1,1,0,0,0,0,R,.208,.280,.402,.682,1,0,4
553993,Eugenio Suárez,113,Reds,2026-07-24,4,2,0,0,1,2,1,1,0,0,R,.213,.285,.414,.699,1,0,5
553993,Eugenio Suárez,113,Reds,2026-07-25,4,0,0,0,0,0,4,0,0,0,R,.210,.281,.408,.689,0,0,0
553993,Eugenio Suárez,113,Reds,2026-07-26,4,0,0,0,0,0,2,1,0,0,R,.207,.280,.402,.682,0,0,0
553993,Eugenio Suárez,113,Reds,2026-07-28,4,0,0,0,0,0,2,0,0,0,R,.204,.276,.396,.672,0,0,0
553993,Eugenio Suárez,113,Reds,2026-07-29,4,1,0,0,0,0,3,0,0,0,R,.204,.276,.394,.670,0,0,1
671155,Ivan Johnson,113,Reds,2026-06-30,1,0,0,0,0,0,1,0,0,0,S,.000,.000,.000,.000,0,0,0
671155,Ivan Johnson,113,Reds,2026-07-01,3,0,0,0,0,0,0,0,0,0,S,.000,.000,.000,.000,0,0,0
671155,Ivan Johnson,113,Reds,2026-07-07,0,0,0,0,0,0,0,1,0,0,S,.000,.200,.000,.200,0,0,0
671155,Ivan Johnson,113,Reds,2026-07-12,1,0,0,0,0,0,0,0,0,0,S,.000,.167,.000,.167,0,0,0
671155,Ivan Johnson,113,Reds,2026-07-28,0,0,0,0,0,0,0,0,0,0,S,.000,.167,.000,.167,0,0,0
671155,Ivan Johnson,113,Reds,2026-07-28,2,1,0,0,0,0,1,1,0,0,S,.143,.333,.143,.476,0,2,1
671155,Ivan Johnson,113,Reds,2026-07-29,3,0,0,0,0,0,3,0,0,0,S,.100,.250,.100,.350,0,0,0
668709,JJ Bleday,113,Reds,2026-07-19,4,1,0,0,0,0,0,1,0,0,L,.243,.351,.486,.837,1,1,1
668709,JJ Bleday,113,Reds,2026-07-20,4,0,0,0,0,0,1,0,0,0,L,.239,.347,.478,.825,0,0,0
668709,JJ Bleday,113,Reds,2026-07-21,3,0,0,0,0,0,1,0,0,0,L,.236,.343,.473,.816,0,0,0
668709,JJ Bleday,113,Reds,2026-07-22,4,1,0,0,1,1,1,0,0,0,L,.237,.342,.481,.823,1,0,4
668709,JJ Bleday,113,Reds,2026-07-24,5,1,0,0,0,0,3,0,0,0,L,.236,.340,.476,.816,1,0,1
668709,JJ Bleday,113,Reds,2026-07-25,2,1,0,0,0,0,0,2,0,0,L,.238,.345,.476,.821,0,1,1
668709,JJ Bleday,113,Reds,2026-07-26,4,0,0,0,0,0,1,1,0,0,L,.234,.343,.469,.812,0,0,0
668709,JJ Bleday,113,Reds,2026-07-28,5,0,0,0,0,0,1,0,0,0,L,.230,.337,.460,.797,0,0,0
668709,JJ Bleday,113,Reds,2026-07-28,3,1,0,0,1,1,1,0,0,0,L,.231,.337,.470,.807,1,0,4
668709,JJ Bleday,113,Reds,2026-07-29,0,0,0,0,0,0,0,1,0,0,L,.231,.339,.470,.809,0,0,0
624431,Jose Trevino,113,Reds,2026-06-27,4,2,1,0,0,2,1,0,0,0,R,.204,.220,.245,.465,1,0,3
624431,Jose Trevino,113,Reds,2026-06-30,3,0,0,0,0,0,0,0,0,0,R,.192,.208,.231,.439,0,0,0
624431,Jose Trevino,113,Reds,2026-07-02,4,3,0,0,1,3,0,0,0,0,R,.232,.246,.321,.567,1,0,6
624431,Jose Trevino,113,Reds,2026-07-04,4,3,1,0,0,1,0,0,0,0,R,.267,.279,.367,.646,1,0,4
624431,Jose Trevino,113,Reds,2026-07-08,4,0,0,0,0,0,2,0,0,0,R,.250,.262,.344,.606,0,0,0
624431,Jose Trevino,113,Reds,2026-07-11,3,0,0,0,0,0,1,0,0,0,R,.239,.250,.328,.578,0,0,0
624431,Jose Trevino,113,Reds,2026-07-18,4,3,0,0,2,2,0,0,0,0,R,.268,.278,.437,.715,2,0,9
624431,Jose Trevino,113,Reds,2026-07-21,4,1,0,0,0,0,1,0,0,0,R,.267,.276,.427,.703,0,0,1
624431,Jose Trevino,113,Reds,2026-07-26,3,0,0,0,0,0,2,0,0,0,R,.256,.266,.410,.676,0,0,0
624431,Jose Trevino,113,Reds,2026-07-28,3,0,0,0,0,0,1,0,0,0,R,.247,.256,.395,.651,0,0,0
663647,Ke'Bryan Hayes,113,Reds,2026-07-17,4,0,0,0,0,0,0,0,0,0,R,.138,.194,.215,.409,1,0,0
663647,Ke'Bryan Hayes,113,Reds,2026-07-19,0,0,0,0,0,0,0,0,0,0,R,.138,.194,.215,.409,0,0,0
663647,Ke'Bryan Hayes,113,Reds,2026-07-20,3,1,0,0,0,0,1,0,0,0,R,.143,.197,.218,.415,0,0,1
663647,Ke'Bryan Hayes,113,Reds,2026-07-21,0,0,0,0,0,0,0,0,0,0,R,.143,.197,.218,.415,0,0,0
663647,Ke'Bryan Hayes,113,Reds,2026-07-22,4,1,0,0,0,0,1,0,0,0,R,.146,.199,.219,.418,1,0,1
663647,Ke'Bryan Hayes,113,Reds,2026-07-24,0,0,0,0,0,0,0,0,0,0,R,.146,.199,.219,.418,0,0,0
663647,Ke'Bryan Hayes,113,Reds,2026-07-25,3,0,0,0,0,0,1,0,0,0,R,.143,.195,.214,.409,0,0,0
663647,Ke'Bryan Hayes,113,Reds,2026-07-26,2,1,0,0,1,1,0,1,0,0,R,.148,.204,.239,.443,1,0,4
663647,Ke'Bryan Hayes,113,Reds,2026-07-28,3,0,0,0,0,0,3,0,0,0,R,.145,.200,.234,.434,0,0,0
663647,Ke'Bryan Hayes,113,Reds,2026-07-29,3,0,0,0,0,0,1,0,0,0,R,.142,.196,.230,.426,0,0,0
663993,Nathaniel Lowe,113,Reds,2026-07-11,4,2,0,0,1,1,0,0,0,0,L,.247,.335,.465,.800,1,0,5
663993,Nathaniel Lowe,113,Reds,2026-07-18,2,1,0,0,0,1,0,0,0,0,L,.250,.336,.465,.801,0,0,1
663993,Nathaniel Lowe,113,Reds,2026-07-19,5,1,0,0,1,3,2,0,0,0,L,.249,.333,.473,.806,1,0,4
663993,Nathaniel Lowe,113,Reds,2026-07-21,4,1,0,0,1,1,0,0,0,0,L,.249,.332,.483,.815,1,0,4
663993,Nathaniel Lowe,113,Reds,2026-07-22,4,0,0,0,0,0,1,0,0,0,L,.244,.326,.474,.800,0,0,0
663993,Nathaniel Lowe,113,Reds,2026-07-24,5,2,0,0,0,0,1,0,0,0,L,.248,.328,.472,.800,0,0,2
663993,Nathaniel Lowe,113,Reds,2026-07-26,5,3,0,0,0,2,0,0,0,0,L,.256,.333,.475,.808,0,0,3
663993,Nathaniel Lowe,113,Reds,2026-07-28,4,2,1,0,0,0,1,0,0,0,L,.260,.336,.480,.816,1,0,3
663993,Nathaniel Lowe,113,Reds,2026-07-28,3,0,0,0,0,0,1,0,0,0,L,.257,.332,.474,.806,0,0,0
663993,Nathaniel Lowe,113,Reds,2026-07-29,1,0,0,0,0,0,1,0,0,0,L,.255,.331,.472,.803,0,0,0
682622,Noelvi Marte,113,Reds,2026-07-11,1,0,0,0,0,0,1,0,0,0,R,.194,.248,.379,.627,0,0,0
682622,Noelvi Marte,113,Reds,2026-07-12,4,1,0,0,0,0,1,0,0,0,R,.195,.248,.375,.623,0,0,1
682622,Noelvi Marte,113,Reds,2026-07-17,0,0,0,0,0,0,0,0,0,0,R,.195,.248,.375,.623,0,0,0
682622,Noelvi Marte,113,Reds,2026-07-18,4,1,1,0,0,0,0,0,0,0,R,.197,.248,.379,.627,1,1,2
682622,Noelvi Marte,113,Reds,2026-07-20,1,0,0,0,0,0,1,0,0,0,R,.195,.246,.376,.622,0,0,0
682622,Noelvi Marte,113,Reds,2026-07-21,4,0,0,0,0,0,0,0,0,0,R,.190,.240,.365,.605,0,0,0
682622,Noelvi Marte,113,Reds,2026-07-25,4,0,0,0,0,0,0,0,0,0,R,.184,.233,.355,.588,0,0,0
682622,Noelvi Marte,113,Reds,2026-07-26,4,2,0,0,0,0,0,0,0,0,R,.193,.240,.359,.599,0,0,2
682622,Noelvi Marte,113,Reds,2026-07-28,3,0,0,0,0,0,1,0,0,0,R,.189,.236,.351,.587,0,0,0
682622,Noelvi Marte,113,Reds,2026-07-29,4,1,0,0,0,1,1,0,0,0,R,.191,.236,.349,.585,0,0,1
701398,Sal Stewart,113,Reds,2026-07-19,5,1,0,0,1,3,1,0,0,0,R,.253,.334,.475,.809,1,0,4
701398,Sal Stewart,113,Reds,2026-07-20,4,0,0,0,0,0,2,0,0,0,R,.251,.331,.470,.801,0,0,0
701398,Sal Stewart,113,Reds,2026-07-21,3,0,0,0,0,1,1,0,0,1,R,.249,.328,.466,.794,0,0,0
701398,Sal Stewart,113,Reds,2026-07-22,4,1,0,0,1,3,0,0,0,0,R,.249,.327,.472,.799,1,0,4
701398,Sal Stewart,113,Reds,2026-07-24,5,2,0,0,0,1,1,0,0,0,R,.251,.328,.471,.799,1,0,2
701398,Sal Stewart,113,Reds,2026-07-25,4,1,0,0,0,0,1,0,0,0,R,.251,.327,.468,.795,0,0,1
701398,Sal Stewart,113,Reds,2026-07-26,1,1,0,0,0,1,0,0,0,0,R,.253,.329,.470,.799,1,0,1
701398,Sal Stewart,113,Reds,2026-07-28,3,2,0,0,1,3,0,2,0,0,R,.256,.334,.479,.813,1,1,5
701398,Sal Stewart,113,Reds,2026-07-28,3,0,0,0,0,0,3,0,0,0,R,.254,.332,.475,.807,0,0,0
701398,Sal Stewart,113,Reds,2026-07-29,5,1,0,0,0,0,3,0,0,0,R,.253,.330,.472,.802,0,0,1
670770,TJ Friedl,113,Reds,2026-07-07,4,0,0,0,0,0,3,0,0,0,L,.174,.253,.270,.523,0,0,0
670770,TJ Friedl,113,Reds,2026-07-08,3,0,0,0,0,0,1,1,0,0,L,.171,.252,.265,.517,1,0,0
670770,TJ Friedl,113,Reds,2026-07-09,3,1,0,0,0,0,1,0,0,0,L,.174,.254,.266,.520,0,0,1
670770,TJ Friedl,113,Reds,2026-07-10,1,0,0,0,0,0,1,0,0,0,L,.173,.252,.265,.517,0,0,0
670770,TJ Friedl,113,Reds,2026-07-11,3,2,0,0,0,0,0,0,0,0,L,.181,.258,.271,.529,0,0,2
670770,TJ Friedl,113,Reds,2026-07-17,3,0,0,0,0,0,0,1,0,0,L,.178,.258,.267,.525,0,0,0
670770,TJ Friedl,113,Reds,2026-07-19,3,0,0,0,0,0,0,1,0,0,L,.175,.258,.263,.521,0,0,0
670770,TJ Friedl,113,Reds,2026-07-21,2,0,0,0,0,0,0,2,0,0,L,.173,.262,.260,.522,1,0,0
670770,TJ Friedl,113,Reds,2026-07-25,3,0,0,0,0,0,2,0,0,0,L,.171,.259,.256,.515,0,0,0
670770,TJ Friedl,113,Reds,2026-07-28,4,0,0,0,0,0,0,0,0,0,L,.167,.254,.251,.505,0,0,0
663886,Tyler Stephenson,113,Reds,2026-07-12,4,0,0,0,0,0,0,0,0,0,R,.238,.319,.361,.680,0,0,0
663886,Tyler Stephenson,113,Reds,2026-07-17,4,1,0,0,0,0,3,0,0,0,R,.238,.318,.359,.677,0,0,1
663886,Tyler Stephenson,113,Reds,2026-07-19,4,3,1,0,2,3,0,0,0,0,R,.247,.325,.396,.721,2,0,10
663886,Tyler Stephenson,113,Reds,2026-07-20,3,0,0,0,0,0,1,0,0,0,R,.244,.321,.391,.712,0,0,0
663886,Tyler Stephenson,113,Reds,2026-07-22,4,1,1,0,0,0,0,0,0,0,R,.244,.320,.393,.713,1,0,2
663886,Tyler Stephenson,113,Reds,2026-07-24,3,2,1,0,0,1,1,0,1,0,R,.249,.326,.400,.726,0,0,3
663886,Tyler Stephenson,113,Reds,2026-07-25,4,0,0,0,0,0,2,0,0,0,R,.245,.321,.394,.715,0,0,0
663886,Tyler Stephenson,113,Reds,2026-07-26,1,0,0,0,0,0,1,0,0,0,R,.244,.320,.392,.712,1,0,0
663886,Tyler Stephenson,113,Reds,2026-07-28,4,2,1,0,0,1,1,0,0,0,R,.248,.323,.398,.721,1,0,3
663886,Tyler Stephenson,113,Reds,2026-07-29,3,1,0,0,0,0,1,1,0,0,R,.249,.325,.397,.722,0,0,1
623205,Andrew Velazquez,118,Royals,2026-07-22,3,1,0,0,0,0,0,0,0,0,S,.333,.333,.333,.666,0,1,1
623205,Andrew Velazquez,118,Royals,2026-07-23,4,0,0,0,0,0,1,0,0,0,S,.143,.143,.143,.286,0,0,0
623205,Andrew Velazquez,118,Royals,2026-07-25,2,0,0,0,0,0,0,0,0,0,S,.111,.111,.111,.222,0,0,0
623205,Andrew Velazquez,118,Royals,2026-07-26,4,0,0,0,0,0,1,0,0,0,S,.077,.077,.077,.154,0,0,0
623205,Andrew Velazquez,118,Royals,2026-07-28,0,0,0,0,0,0,0,0,0,0,S,.077,.077,.077,.154,0,0,0
695600,Carter Jensen,118,Royals,2026-07-19,4,1,1,0,0,0,2,0,0,0,L,.246,.314,.436,.750,0,0,2
695600,Carter Jensen,118,Royals,2026-07-20,5,0,0,0,0,0,1,0,0,0,L,.242,.310,.429,.739,0,0,0
695600,Carter Jensen,118,Royals,2026-07-21,4,1,0,0,1,1,0,0,0,0,L,.242,.309,.436,.745,1,0,4
695600,Carter Jensen,118,Royals,2026-07-22,3,0,0,0,0,0,1,1,0,0,L,.240,.308,.432,.740,0,0,0
695600,Carter Jensen,118,Royals,2026-07-23,4,1,1,0,0,0,1,1,0,0,L,.240,.310,.433,.743,0,0,2
695600,Carter Jensen,118,Royals,2026-07-24,4,0,0,0,0,0,3,0,0,0,L,.238,.306,.428,.734,0,0,0
695600,Carter Jensen,118,Royals,2026-07-25,4,2,0,0,0,0,1,0,0,0,L,.241,.308,.429,.737,0,0,2
695600,Carter Jensen,118,Royals,2026-07-26,1,0,0,0,0,0,1,1,0,0,L,.240,.309,.428,.737,0,0,0
695600,Carter Jensen,118,Royals,2026-07-28,4,0,0,0,0,0,3,0,0,0,L,.237,.306,.423,.729,0,0,0
695600,Carter Jensen,118,Royals,2026-07-29,5,1,1,0,0,1,3,0,0,0,L,.237,.305,.423,.728,1,0,2
686555,Isaac Collins,118,Royals,2026-07-19,4,1,1,0,0,1,2,0,0,0,S,.240,.342,.362,.704,0,0,2
686555,Isaac Collins,118,Royals,2026-07-20,3,2,0,0,0,1,0,0,0,0,S,.245,.345,.365,.710,0,0,2
686555,Isaac Collins,118,Royals,2026-07-21,1,1,0,0,0,0,0,1,0,0,S,.247,.348,.367,.715,1,1,1
686555,Isaac Collins,118,Royals,2026-07-22,4,0,0,0,0,0,0,0,0,0,S,.244,.344,.362,.706,0,0,0
686555,Isaac Collins,118,Royals,2026-07-23,3,1,0,0,1,2,1,1,0,0,S,.245,.346,.372,.718,1,0,4
686555,Isaac Collins,118,Royals,2026-07-24,3,1,1,0,0,0,2,0,0,0,S,.246,.346,.375,.721,0,0,2
686555,Isaac Collins,118,Royals,2026-07-25,4,0,0,0,0,0,0,0,0,0,S,.242,.342,.370,.712,0,0,0
686555,Isaac Collins,118,Royals,2026-07-26,3,1,0,0,0,0,0,1,0,0,S,.243,.344,.370,.714,1,0,1
686555,Isaac Collins,118,Royals,2026-07-28,4,0,0,0,0,0,3,0,0,0,S,.240,.340,.365,.705,0,0,0
686555,Isaac Collins,118,Royals,2026-07-29,3,0,0,0,0,0,0,1,0,0,S,.238,.339,.362,.701,0,0,0
695506,Jac Caglianone,118,Royals,2026-07-17,4,1,0,0,0,0,0,0,0,0,L,.260,.320,.458,.778,0,0,1
695506,Jac Caglianone,118,Royals,2026-07-18,4,1,1,0,0,1,1,0,0,0,L,.260,.319,.459,.778,0,0,2
695506,Jac Caglianone,118,Royals,2026-07-19,4,2,1,0,1,1,0,0,0,0,L,.263,.321,.471,.792,2,0,6
695506,Jac Caglianone,118,Royals,2026-07-20,4,0,0,0,0,0,1,0,0,0,L,.260,.318,.466,.784,0,0,0
695506,Jac Caglianone,118,Royals,2026-07-21,2,0,0,0,0,0,1,0,0,0,L,.258,.316,.463,.779,0,0,0
695506,Jac Caglianone,118,Royals,2026-07-24,1,0,0,0,0,0,0,0,0,0,L,.257,.315,.462,.777,0,0,0
695506,Jac Caglianone,118,Royals,2026-07-25,4,0,0,0,0,0,0,0,0,0,L,.254,.312,.456,.768,0,0,0
695506,Jac Caglianone,118,Royals,2026-07-26,5,0,0,0,0,0,2,0,0,0,L,.251,.308,.450,.758,0,0,0
695506,Jac Caglianone,118,Royals,2026-07-28,2,0,0,0,0,0,1,2,0,0,L,.249,.310,.447,.757,0,0,0
695506,Jac Caglianone,118,Royals,2026-07-29,5,2,0,0,0,1,1,0,0,0,L,.251,.311,.446,.757,0,0,2
670231,John Rave,118,Royals,2026-06-15,0,0,0,0,0,0,0,1,0,0,L,.000,1.000,.000,1.000,0,0,0
670231,John Rave,118,Royals,2026-06-17,4,2,0,1,1,1,1,0,0,0,L,.500,.600,1.750,2.350,2,0,7
670231,John Rave,118,Royals,2026-06-19,2,1,1,0,0,0,0,2,0,0,L,.500,.667,1.500,2.167,1,0,2
670231,John Rave,118,Royals,2026-06-21,1,0,0,0,0,0,1,0,0,0,L,.429,.600,1.286,1.886,0,0,0
670231,John Rave,118,Royals,2026-06-22,3,0,0,0,0,0,1,0,0,0,L,.300,.462,.900,1.362,0,0,0
670231,John Rave,118,Royals,2026-06-23,0,0,0,0,0,0,0,0,0,0,L,.300,.462,.900,1.362,0,0,0
670231,John Rave,118,Royals,2026-06-24,3,1,1,0,0,0,2,0,0,0,L,.308,.438,.846,1.284,0,0,2
670231,John Rave,118,Royals,2026-06-27,2,0,0,0,0,0,1,0,0,0,L,.267,.389,.733,1.122,0,0,0
670231,John Rave,118,Royals,2026-06-30,3,0,0,0,0,0,1,0,0,0,L,.222,.333,.611,.944,0,0,0
668942,Josh Rojas,118,Royals,2026-07-09,1,0,0,0,0,0,1,0,0,0,L,.154,.185,.308,.493,0,0,0
668942,Josh Rojas,118,Royals,2026-07-10,4,2,1,0,0,1,1,0,0,0,L,.200,.226,.367,.593,0,0,3
668942,Josh Rojas,118,Royals,2026-07-12,4,1,0,0,0,0,1,0,0,0,L,.206,.229,.353,.582,1,0,1
668942,Josh Rojas,118,Royals,2026-07-17,1,0,0,0,0,0,1,0,0,0,L,.200,.222,.343,.565,0,0,0
668942,Josh Rojas,118,Royals,2026-07-19,4,2,0,0,0,0,0,0,0,0,L,.231,.250,.359,.609,0,0,2
668942,Josh Rojas,118,Royals,2026-07-20,4,1,0,0,0,0,0,0,0,0,L,.233,.250,.349,.599,1,0,1
668942,Josh Rojas,118,Royals,2026-07-22,2,1,0,0,0,0,0,0,0,0,L,.244,.261,.356,.617,0,0,1
668942,Josh Rojas,118,Royals,2026-07-23,4,2,1,0,0,1,0,0,0,0,L,.265,.280,.388,.668,0,0,3
668942,Josh Rojas,118,Royals,2026-07-28,1,0,0,0,0,0,0,1,0,0,L,.260,.288,.380,.668,1,1,0
668942,Josh Rojas,118,Royals,2026-07-29,3,1,0,0,0,0,0,0,0,0,L,.264,.291,.377,.668,0,0,1
657041,Lane Thomas,118,Royals,2026-07-19,3,0,0,0,0,0,1,1,0,0,R,.240,.340,.417,.757,0,1,0
657041,Lane Thomas,118,Royals,2026-07-20,4,2,0,0,0,0,2,0,0,0,R,.244,.343,.419,.762,0,0,2
657041,Lane Thomas,118,Royals,2026-07-21,4,0,0,0,0,0,2,0,0,0,R,.240,.338,.412,.750,0,0,0
657041,Lane Thomas,118,Royals,2026-07-22,4,1,0,0,0,2,3,0,0,0,R,.240,.337,.409,.746,0,1,1
657041,Lane Thomas,118,Royals,2026-07-23,4,0,0,0,0,0,0,1,0,0,R,.236,.334,.403,.737,0,0,0
657041,Lane Thomas,118,Royals,2026-07-24,4,0,0,0,0,0,2,0,0,0,R,.233,.330,.397,.727,0,0,0
657041,Lane Thomas,118,Royals,2026-07-25,4,0,0,0,0,0,2,0,0,0,R,.229,.326,.391,.717,0,0,0
657041,Lane Thomas,118,Royals,2026-07-26,4,1,0,0,1,1,0,1,0,0,R,.230,.327,.400,.727,1,0,4
657041,Lane Thomas,118,Royals,2026-07-28,4,1,0,0,0,0,3,0,0,0,R,.230,.326,.398,.724,1,1,1
657041,Lane Thomas,118,Royals,2026-07-29,5,1,0,0,0,0,1,0,0,0,R,.229,.324,.394,.718,0,0,1
571912,Luke Maile,118,Royals,2026-07-06,4,1,0,0,1,3,0,1,0,0,R,.250,.400,1.000,1.400,2,0,4
571912,Luke Maile,118,Royals,2026-07-09,2,0,0,0,0,0,2,0,0,0,R,.167,.286,.667,.953,0,0,0
571912,Luke Maile,118,Royals,2026-07-19,4,1,0,0,0,0,1,0,0,0,R,.200,.273,.500,.773,0,0,1
571912,Luke Maile,118,Royals,2026-07-26,2,1,1,0,0,1,0,0,0,0,R,.250,.308,.583,.891,0,0,2
686681,Michael Massey,118,Royals,2026-07-19,1,0,0,0,0,0,0,0,0,0,L,.267,.307,.424,.731,0,0,0
686681,Michael Massey,118,Royals,2026-07-20,4,1,1,0,0,0,0,0,0,0,L,.267,.306,.425,.731,1,0,2
686681,Michael Massey,118,Royals,2026-07-21,4,1,0,0,0,0,1,0,0,0,L,.266,.305,.422,.727,0,0,1
686681,Michael Massey,118,Royals,2026-07-22,4,2,1,0,0,0,2,0,0,0,L,.270,.308,.427,.735,1,0,3
686681,Michael Massey,118,Royals,2026-07-23,4,2,0,0,0,0,2,0,0,0,L,.274,.311,.429,.740,1,0,2
686681,Michael Massey,118,Royals,2026-07-24,2,1,1,0,0,0,1,1,0,0,L,.276,.315,.433,.748,0,0,2
686681,Michael Massey,118,Royals,2026-07-25,3,0,0,0,0,1,0,0,0,1,L,.272,.310,.428,.738,0,0,0
686681,Michael Massey,118,Royals,2026-07-26,2,1,0,0,1,2,0,0,0,0,L,.274,.312,.440,.752,1,0,4
686681,Michael Massey,118,Royals,2026-07-28,4,0,0,0,0,0,2,0,0,0,L,.270,.307,.433,.740,0,0,0
686681,Michael Massey,118,Royals,2026-07-29,4,1,0,0,0,0,0,0,0,0,L,.270,.307,.431,.738,0,0,1
679845,Nick Loftin,118,Royals,2026-07-19,4,0,0,0,0,0,1,0,0,0,R,.235,.324,.390,.714,0,0,0
679845,Nick Loftin,118,Royals,2026-07-20,2,1,0,0,0,1,0,0,0,0,R,.238,.326,.392,.718,0,0,1
679845,Nick Loftin,118,Royals,2026-07-21,4,2,0,0,0,1,0,0,0,0,R,.244,.329,.394,.723,0,0,2
679845,Nick Loftin,118,Royals,2026-07-22,1,1,0,0,0,1,0,0,0,0,R,.247,.332,.397,.729,1,0,1
679845,Nick Loftin,118,Royals,2026-07-23,4,1,0,0,0,0,1,0,0,0,R,.247,.330,.394,.724,0,0,1
679845,Nick Loftin,118,Royals,2026-07-24,3,1,1,0,0,1,0,1,0,0,R,.249,.333,.398,.731,0,0,2
679845,Nick Loftin,118,Royals,2026-07-25,3,1,0,0,1,1,2,0,0,0,R,.250,.333,.412,.745,1,0,4
679845,Nick Loftin,118,Royals,2026-07-26,5,1,0,0,0,0,2,0,0,0,R,.249,.331,.407,.738,1,0,1
679845,Nick Loftin,118,Royals,2026-07-28,2,1,0,0,0,0,0,2,0,0,R,.251,.337,.408,.745,0,0,1
679845,Nick Loftin,118,Royals,2026-07-29,3,2,1,0,0,1,0,0,0,1,R,.257,.340,.416,.756,0,0,3
521692,Salvador Perez,118,Royals,2026-07-19,3,1,0,0,0,0,0,1,0,0,R,.212,.256,.351,.607,0,0,1
521692,Salvador Perez,118,Royals,2026-07-20,3,1,0,0,1,2,1,0,1,0,R,.213,.258,.359,.617,1,0,4
521692,Salvador Perez,118,Royals,2026-07-21,3,0,0,0,0,0,2,0,1,0,R,.211,.258,.356,.614,1,0,0
521692,Salvador Perez,118,Royals,2026-07-22,4,1,0,0,1,2,1,0,0,0,R,.211,.258,.363,.621,1,0,4
521692,Salvador Perez,118,Royals,2026-07-23,4,0,0,0,0,0,1,1,0,0,R,.209,.257,.359,.616,0,0,0
521692,Salvador Perez,118,Royals,2026-07-24,4,1,1,0,0,0,1,0,0,0,R,.210,.257,.361,.618,1,0,2
521692,Salvador Perez,118,Royals,2026-07-25,4,1,0,0,1,1,0,0,0,0,R,.210,.257,.367,.624,1,0,4
521692,Salvador Perez,118,Royals,2026-07-26,3,0,0,0,0,0,1,1,1,0,R,.208,.259,.365,.624,0,0,0
521692,Salvador Perez,118,Royals,2026-07-28,4,2,0,0,0,1,0,0,0,0,R,.211,.261,.366,.627,0,0,2
521692,Salvador Perez,118,Royals,2026-07-29,5,2,0,1,0,0,3,0,0,0,R,.214,.263,.372,.635,1,0,4
516782,Starling Marte,118,Royals,2026-07-06,5,2,0,0,0,2,1,0,0,0,R,.269,.331,.333,.664,1,0,2
516782,Starling Marte,118,Royals,2026-07-08,1,0,0,0,0,0,0,0,0,0,R,.266,.328,.330,.658,0,0,0
516782,Starling Marte,118,Royals,2026-07-09,3,1,0,0,0,0,1,0,0,0,R,.268,.328,.330,.658,0,0,1
516782,Starling Marte,118,Royals,2026-07-21,3,1,0,0,0,0,0,0,1,0,R,.270,.333,.330,.663,0,0,1
516782,Starling Marte,118,Royals,2026-07-22,4,1,0,0,0,0,1,0,0,0,R,.269,.331,.328,.659,1,1,1
516782,Starling Marte,118,Royals,2026-07-24,3,0,0,0,0,0,0,0,0,0,R,.262,.324,.320,.644,0,0,0
516782,Starling Marte,118,Royals,2026-07-25,1,0,0,0,0,0,0,0,0,0,R,.260,.321,.317,.638,0,0,0
516782,Starling Marte,118,Royals,2026-07-26,4,1,0,0,0,0,1,0,0,0,R,.260,.319,.315,.634,0,0,1
516782,Starling Marte,118,Royals,2026-07-28,1,0,0,0,0,0,0,0,0,0,R,.258,.317,.313,.630,0,0,0
516782,Starling Marte,118,Royals,2026-07-29,1,0,0,0,0,0,0,0,0,0,R,.256,.315,.310,.625,0,0,0
686475,Tyler Tolbert,118,Royals,2026-07-19,4,0,0,0,0,0,0,0,0,0,R,.345,.381,.466,.847,0,0,0
686475,Tyler Tolbert,118,Royals,2026-07-20,0,0,0,0,0,0,0,0,0,0,R,.345,.381,.466,.847,0,0,0
686475,Tyler Tolbert,118,Royals,2026-07-21,3,0,0,0,0,0,0,0,0,0,R,.328,.364,.443,.807,0,0,0
686475,Tyler Tolbert,118,Royals,2026-07-22,0,0,0,0,0,0,0,0,0,0,R,.328,.364,.443,.807,0,0,0
686475,Tyler Tolbert,118,Royals,2026-07-23,0,0,0,0,0,0,0,0,0,0,R,.328,.364,.443,.807,1,1,0
686475,Tyler Tolbert,118,Royals,2026-07-24,2,0,0,0,0,0,0,0,0,0,R,.317,.353,.429,.782,0,0,0
686475,Tyler Tolbert,118,Royals,2026-07-25,0,0,0,0,0,0,0,0,0,0,R,.317,.353,.429,.782,0,0,0
686475,Tyler Tolbert,118,Royals,2026-07-26,1,0,0,0,0,0,0,1,0,0,R,.313,.357,.422,.779,1,0,0
686475,Tyler Tolbert,118,Royals,2026-07-28,1,0,0,0,0,0,1,0,0,0,R,.308,.352,.415,.767,0,0,0
686475,Tyler Tolbert,118,Royals,2026-07-29,3,2,1,0,1,1,0,1,0,0,R,.324,.373,.485,.858,2,1,6
669743,Alex Call,119,Dodgers,2026-06-27,1,0,0,0,0,0,0,0,0,0,R,.267,.373,.343,.716,0,0,0
669743,Alex Call,119,Dodgers,2026-07-05,2,0,0,0,0,0,2,1,0,0,R,.262,.372,.336,.708,0,0,0
669743,Alex Call,119,Dodgers,2026-07-07,0,0,0,0,0,0,0,0,0,0,R,.262,.372,.336,.708,0,0,0
669743,Alex Call,119,Dodgers,2026-07-08,3,0,0,0,0,0,1,0,0,0,R,.255,.364,.327,.691,0,0,0
669743,Alex Call,119,Dodgers,2026-07-10,1,0,0,0,0,0,0,0,0,0,R,.252,.361,.324,.685,0,0,0
669743,Alex Call,119,Dodgers,2026-07-11,1,0,0,0,0,0,0,0,0,0,R,.250,.358,.321,.679,0,0,0
669743,Alex Call,119,Dodgers,2026-07-19,0,0,0,0,0,0,0,1,0,0,R,.250,.363,.321,.684,0,0,0
669743,Alex Call,119,Dodgers,2026-07-20,2,1,0,0,0,0,1,0,0,0,R,.254,.365,.325,.690,0,0,1
669743,Alex Call,119,Dodgers,2026-07-21,3,0,0,0,0,0,1,0,0,0,R,.248,.357,.316,.673,0,0,0
669743,Alex Call,119,Dodgers,2026-07-26,1,0,0,0,0,0,1,0,0,0,R,.246,.355,.314,.669,0,0,0
681624,Andy Pages,119,Dodgers,2026-07-19,4,1,1,0,0,1,2,0,1,0,R,.269,.336,.469,.805,0,0,2
681624,Andy Pages,119,Dodgers,2026-07-19,4,0,0,0,0,0,1,0,0,0,R,.266,.333,.464,.797,0,0,0
681624,Andy Pages,119,Dodgers,2026-07-20,4,1,0,0,0,0,1,1,0,0,R,.266,.333,.462,.795,1,0,1
681624,Andy Pages,119,Dodgers,2026-07-21,4,1,0,0,0,0,2,0,0,0,R,.266,.333,.460,.793,1,0,1
681624,Andy Pages,119,Dodgers,2026-07-22,5,1,0,0,0,0,1,0,0,0,R,.265,.331,.457,.788,1,2,1
681624,Andy Pages,119,Dodgers,2026-07-24,3,1,0,1,0,0,0,2,0,0,R,.266,.334,.461,.795,0,0,3
681624,Andy Pages,119,Dodgers,2026-07-25,4,1,0,0,0,2,0,0,0,0,R,.266,.333,.459,.792,1,0,1
681624,Andy Pages,119,Dodgers,2026-07-26,4,0,0,0,0,0,2,1,0,0,R,.263,.332,.454,.786,1,0,0
681624,Andy Pages,119,Dodgers,2026-07-28,5,1,0,0,0,0,2,0,0,0,R,.262,.330,.451,.781,0,0,1
681624,Andy Pages,119,Dodgers,2026-07-29,4,3,0,0,1,2,0,0,0,0,R,.267,.334,.461,.795,1,0,6
687221,Dalton Rushing,119,Dodgers,2026-07-19,2,0,0,0,0,0,2,3,0,0,L,.247,.338,.462,.800,1,0,0
687221,Dalton Rushing,119,Dodgers,2026-07-19,0,0,0,0,0,0,0,1,0,0,L,.247,.341,.462,.803,0,0,0
687221,Dalton Rushing,119,Dodgers,2026-07-20,4,0,0,0,0,0,4,0,0,0,L,.242,.335,.453,.788,0,0,0
687221,Dalton Rushing,119,Dodgers,2026-07-21,0,0,0,0,0,0,0,0,0,0,L,.242,.335,.453,.788,0,0,0
687221,Dalton Rushing,119,Dodgers,2026-07-22,4,2,1,0,1,3,1,0,0,0,L,.247,.338,.474,.812,1,0,6
687221,Dalton Rushing,119,Dodgers,2026-07-24,4,0,0,0,0,0,1,0,0,0,L,.242,.332,.465,.797,0,0,0
687221,Dalton Rushing,119,Dodgers,2026-07-25,4,1,0,0,0,0,1,0,0,0,L,.243,.330,.460,.790,1,0,1
687221,Dalton Rushing,119,Dodgers,2026-07-26,1,1,0,0,0,0,0,0,0,0,L,.246,.333,.463,.796,0,0,1
687221,Dalton Rushing,119,Dodgers,2026-07-28,4,3,1,0,0,0,1,0,0,0,L,.256,.340,.473,.813,2,0,4
687221,Dalton Rushing,119,Dodgers,2026-07-29,3,1,0,0,0,0,1,0,0,0,L,.257,.340,.471,.811,1,0,1
672613,Eliezer Alfonzo,119,Dodgers,2026-07-05,2,0,0,0,0,0,0,0,0,0,S,.000,.000,.000,.000,0,0,0
672613,Eliezer Alfonzo,119,Dodgers,2026-07-08,3,0,0,0,0,0,0,0,0,0,S,.000,.000,.000,.000,0,0,0
672613,Eliezer Alfonzo,119,Dodgers,2026-07-10,1,0,0,0,0,0,0,0,0,0,S,.000,.000,.000,.000,0,0,0
672613,Eliezer Alfonzo,119,Dodgers,2026-07-11,1,0,0,0,0,0,0,0,0,0,S,.000,.000,.000,.000,0,0,0
672613,Eliezer Alfonzo,119,Dodgers,2026-07-12,2,0,0,0,0,0,0,0,0,0,S,.000,.000,.000,.000,0,0,0
672613,Eliezer Alfonzo,119,Dodgers,2026-07-19,2,1,0,0,0,0,1,0,0,0,S,.091,.091,.091,.182,0,0,1
672613,Eliezer Alfonzo,119,Dodgers,2026-07-20,1,0,0,0,0,1,0,0,0,0,S,.083,.083,.083,.166,1,0,0
672613,Eliezer Alfonzo,119,Dodgers,2026-07-21,2,1,1,0,0,0,1,0,0,0,S,.143,.143,.214,.357,0,0,2
672613,Eliezer Alfonzo,119,Dodgers,2026-07-26,2,1,1,0,0,1,0,0,0,0,S,.188,.188,.313,.501,1,0,2
571771,Enrique Hernández,119,Dodgers,2026-05-25,2,2,1,0,0,1,0,0,0,0,R,1.000,1.000,1.500,2.500,0,0,3
571771,Enrique Hernández,119,Dodgers,2026-05-26,2,2,1,0,1,1,0,0,0,0,R,1.000,1.000,2.250,3.250,2,0,6
518692,Freddie Freeman,119,Dodgers,2026-07-19,4,1,0,0,0,2,2,0,0,1,L,.287,.369,.479,.848,0,0,1
518692,Freddie Freeman,119,Dodgers,2026-07-19,2,0,0,0,0,0,1,2,0,0,L,.285,.371,.477,.848,0,0,0
518692,Freddie Freeman,119,Dodgers,2026-07-20,4,1,0,0,0,0,1,0,0,0,L,.285,.369,.474,.843,0,0,1
518692,Freddie Freeman,119,Dodgers,2026-07-21,4,1,0,0,0,0,0,0,0,0,L,.284,.368,.472,.840,0,0,1
518692,Freddie Freeman,119,Dodgers,2026-07-22,4,3,2,0,0,0,0,1,0,0,L,.289,.373,.480,.853,2,1,5
518692,Freddie Freeman,119,Dodgers,2026-07-24,4,3,1,0,0,0,1,0,0,0,L,.294,.377,.486,.863,2,1,4
518692,Freddie Freeman,119,Dodgers,2026-07-25,4,3,0,0,0,0,0,0,0,0,L,.299,.380,.488,.868,0,0,3
518692,Freddie Freeman,119,Dodgers,2026-07-26,4,2,1,0,0,1,1,0,0,0,L,.301,.381,.491,.872,0,0,3
518692,Freddie Freeman,119,Dodgers,2026-07-28,5,1,0,0,0,0,0,0,0,0,L,.299,.379,.487,.866,0,0,1
518692,Freddie Freeman,119,Dodgers,2026-07-29,4,2,0,0,0,1,0,0,0,0,L,.302,.380,.487,.867,0,0,2
663656,Kyle Tucker,119,Dodgers,2026-07-17,4,1,0,0,0,0,0,0,0,0,L,.244,.340,.373,.713,0,0,1
663656,Kyle Tucker,119,Dodgers,2026-07-19,5,1,0,0,0,0,1,0,0,0,L,.243,.338,.371,.709,1,0,1
663656,Kyle Tucker,119,Dodgers,2026-07-19,4,0,0,0,0,0,1,0,0,0,L,.240,.335,.367,.702,0,0,0
663656,Kyle Tucker,119,Dodgers,2026-07-21,3,0,0,0,0,0,0,0,0,0,L,.238,.332,.363,.695,0,0,0
663656,Kyle Tucker,119,Dodgers,2026-07-22,3,0,0,0,0,1,1,0,0,1,L,.236,.329,.360,.689,0,0,0
663656,Kyle Tucker,119,Dodgers,2026-07-24,3,2,0,0,1,2,0,1,0,0,L,.240,.333,.371,.704,1,0,5
663656,Kyle Tucker,119,Dodgers,2026-07-25,3,1,0,0,1,1,1,1,0,0,L,.241,.335,.380,.715,1,0,4
663656,Kyle Tucker,119,Dodgers,2026-07-26,3,0,0,0,0,0,0,0,1,0,L,.239,.334,.376,.710,0,0,0
663656,Kyle Tucker,119,Dodgers,2026-07-28,3,1,0,0,0,0,0,1,0,0,L,.240,.336,.376,.712,0,0,1
663656,Kyle Tucker,119,Dodgers,2026-07-29,4,0,0,0,0,0,0,0,0,0,L,.237,.333,.372,.705,0,0,0
571970,Max Muncy,119,Dodgers,2026-07-17,3,1,0,0,1,2,0,1,0,0,L,.260,.356,.497,.853,1,0,4
571970,Max Muncy,119,Dodgers,2026-07-19,4,2,1,0,0,0,0,1,0,0,L,.263,.359,.500,.859,1,0,3
571970,Max Muncy,119,Dodgers,2026-07-19,2,0,0,0,0,0,1,1,0,0,L,.262,.359,.497,.856,0,0,0
571970,Max Muncy,119,Dodgers,2026-07-20,2,1,1,0,0,1,0,0,0,0,L,.263,.360,.500,.860,0,0,2
571970,Max Muncy,119,Dodgers,2026-07-21,4,1,0,0,1,2,2,0,0,0,L,.263,.359,.506,.865,1,0,4
571970,Max Muncy,119,Dodgers,2026-07-22,5,1,0,0,1,2,1,0,0,0,L,.262,.357,.511,.868,1,0,4
571970,Max Muncy,119,Dodgers,2026-07-25,4,0,0,0,0,0,4,0,0,0,L,.259,.353,.505,.858,0,0,0
571970,Max Muncy,119,Dodgers,2026-07-26,3,0,0,0,0,1,1,1,0,0,L,.256,.351,.500,.851,0,0,0
571970,Max Muncy,119,Dodgers,2026-07-28,4,1,0,0,1,1,0,1,0,0,L,.256,.352,.506,.858,1,1,4
571970,Max Muncy,119,Dodgers,2026-07-29,4,1,0,0,0,0,1,0,0,0,L,.256,.351,.503,.854,0,0,1
500743,Miguel Rojas,119,Dodgers,2026-07-05,2,1,0,0,0,0,0,0,0,0,R,.295,.345,.426,.771,0,0,1
500743,Miguel Rojas,119,Dodgers,2026-07-06,2,0,0,0,0,1,1,0,0,1,R,.290,.338,.420,.758,0,0,0
500743,Miguel Rojas,119,Dodgers,2026-07-07,3,0,0,0,0,0,1,0,0,0,R,.284,.331,.410,.741,0,0,0
500743,Miguel Rojas,119,Dodgers,2026-07-10,4,2,1,0,0,1,0,0,0,0,R,.290,.335,.420,.755,0,0,3
500743,Miguel Rojas,119,Dodgers,2026-07-11,0,0,0,0,0,0,0,0,0,0,R,.290,.335,.420,.755,0,0,0
500743,Miguel Rojas,119,Dodgers,2026-07-19,2,1,0,0,0,0,0,0,0,0,R,.293,.338,.421,.759,0,0,1
500743,Miguel Rojas,119,Dodgers,2026-07-20,3,1,0,0,0,0,0,0,0,0,R,.294,.338,.420,.758,1,0,1
500743,Miguel Rojas,119,Dodgers,2026-07-21,1,0,0,0,0,0,0,0,0,0,R,.292,.335,.417,.752,0,0,0
500743,Miguel Rojas,119,Dodgers,2026-07-24,3,0,0,0,0,1,0,0,0,1,R,.286,.327,.408,.735,0,0,0
500743,Miguel Rojas,119,Dodgers,2026-07-26,1,0,0,0,0,0,0,0,0,0,R,.284,.325,.405,.730,0,0,0
605141,Mookie Betts,119,Dodgers,2026-07-19,3,0,0,0,0,0,2,2,0,0,R,.230,.295,.406,.701,0,0,0
605141,Mookie Betts,119,Dodgers,2026-07-19,4,0,0,0,0,0,1,0,0,0,R,.226,.290,.399,.689,0,0,0
605141,Mookie Betts,119,Dodgers,2026-07-20,5,4,0,0,2,3,0,0,0,0,R,.237,.300,.431,.731,3,0,10
605141,Mookie Betts,119,Dodgers,2026-07-21,3,0,0,0,0,0,2,0,0,0,R,.234,.296,.426,.722,0,0,0
605141,Mookie Betts,119,Dodgers,2026-07-22,3,0,0,0,0,0,1,1,0,0,R,.232,.296,.421,.717,1,0,0
605141,Mookie Betts,119,Dodgers,2026-07-24,4,1,0,0,0,0,0,0,0,0,R,.232,.295,.418,.713,0,0,1
605141,Mookie Betts,119,Dodgers,2026-07-25,4,1,0,0,0,0,1,0,0,0,R,.232,.295,.416,.711,0,0,1
605141,Mookie Betts,119,Dodgers,2026-07-26,4,0,0,0,0,0,0,0,0,0,R,.229,.291,.410,.701,0,0,0
605141,Mookie Betts,119,Dodgers,2026-07-28,5,1,0,0,0,0,0,0,0,0,R,.228,.289,.406,.695,1,0,1
605141,Mookie Betts,119,Dodgers,2026-07-29,4,1,0,0,0,0,1,0,0,0,R,.229,.289,.404,.693,1,0,1
606192,Teoscar Hernández,119,Dodgers,2026-07-17,3,1,0,0,0,0,1,0,0,0,R,.244,.319,.387,.706,0,0,1
606192,Teoscar Hernández,119,Dodgers,2026-07-19,4,1,1,0,0,1,2,0,0,0,R,.245,.318,.389,.707,1,0,2
606192,Teoscar Hernández,119,Dodgers,2026-07-19,3,0,0,0,0,0,1,0,0,0,R,.241,.314,.384,.698,0,0,0
606192,Teoscar Hernández,119,Dodgers,2026-07-20,5,1,0,0,0,0,0,0,0,0,R,.241,.312,.380,.692,1,0,1
606192,Teoscar Hernández,119,Dodgers,2026-07-22,3,1,0,0,0,0,2,1,0,0,R,.242,.315,.379,.694,2,0,1
606192,Teoscar Hernández,119,Dodgers,2026-07-24,4,2,1,0,0,0,0,0,0,0,R,.246,.318,.385,.703,1,0,3
606192,Teoscar Hernández,119,Dodgers,2026-07-25,3,1,1,0,0,0,1,1,0,0,R,.247,.320,.389,.709,1,0,2
606192,Teoscar Hernández,119,Dodgers,2026-07-26,4,2,0,0,0,0,1,0,0,0,R,.251,.323,.390,.713,0,0,2
606192,Teoscar Hernández,119,Dodgers,2026-07-28,4,0,0,0,0,0,1,0,0,0,R,.247,.318,.384,.702,0,0,0
606192,Teoscar Hernández,119,Dodgers,2026-07-29,4,1,1,0,0,0,1,0,0,0,R,.247,.317,.386,.703,0,0,2
669242,Tommy Edman,119,Dodgers,2026-07-19,4,2,0,0,0,2,1,0,1,0,S,.351,.429,.486,.915,3,0,2
669242,Tommy Edman,119,Dodgers,2026-07-19,2,1,0,0,1,1,0,0,0,0,S,.355,.430,.526,.956,1,0,4
669242,Tommy Edman,119,Dodgers,2026-07-20,3,1,0,0,0,0,0,0,2,0,S,.354,.440,.519,.959,0,0,1
669242,Tommy Edman,119,Dodgers,2026-07-21,3,0,0,0,0,0,1,0,0,0,S,.341,.426,.500,.926,0,0,0
669242,Tommy Edman,119,Dodgers,2026-07-22,4,3,0,1,0,3,0,0,0,0,S,.360,.439,.535,.974,1,0,5
669242,Tommy Edman,119,Dodgers,2026-07-24,5,0,0,0,0,0,2,0,0,0,S,.341,.417,.505,.922,0,0,0
669242,Tommy Edman,119,Dodgers,2026-07-25,3,0,0,0,0,0,0,0,1,0,S,.330,.411,.489,.900,0,1,0
669242,Tommy Edman,119,Dodgers,2026-07-26,4,2,0,0,0,0,1,0,0,0,S,.337,.414,.490,.904,1,0,2
669242,Tommy Edman,119,Dodgers,2026-07-28,4,2,1,0,0,1,0,0,0,0,S,.343,.417,.500,.917,1,0,3
669242,Tommy Edman,119,Dodgers,2026-07-29,4,0,0,0,0,0,2,0,0,0,S,.330,.403,.481,.884,0,0,0
665953,Andrés Chaparro,120,Nationals,2026-07-10,2,1,0,0,0,0,0,0,0,0,R,.170,.313,.283,.596,0,0,1
665953,Andrés Chaparro,120,Nationals,2026-07-12,1,0,0,0,0,0,0,0,0,0,R,.167,.308,.278,.586,0,0,0
665953,Andrés Chaparro,120,Nationals,2026-07-17,5,4,0,0,2,8,0,1,0,0,R,.220,.352,.424,.776,4,0,10
665953,Andrés Chaparro,120,Nationals,2026-07-19,3,0,0,0,0,0,1,1,0,0,R,.210,.347,.403,.750,0,0,0
665953,Andrés Chaparro,120,Nationals,2026-07-20,3,1,0,0,1,3,0,0,0,0,R,.215,.346,.446,.792,1,0,4
665953,Andrés Chaparro,120,Nationals,2026-07-21,1,0,0,0,0,0,0,0,0,0,R,.212,.342,.439,.781,0,0,0
665953,Andrés Chaparro,120,Nationals,2026-07-24,3,1,1,0,0,0,0,0,0,0,R,.217,.341,.449,.790,0,0,2
665953,Andrés Chaparro,120,Nationals,2026-07-25,3,1,1,0,0,0,1,0,0,0,R,.222,.341,.458,.799,1,0,2
665953,Andrés Chaparro,120,Nationals,2026-07-26,2,0,0,0,0,0,0,0,0,0,R,.216,.333,.446,.779,0,0,0
665953,Andrés Chaparro,120,Nationals,2026-07-27,2,1,0,0,1,1,1,0,0,0,R,.224,.337,.487,.824,1,0,4
691781,Brady House,120,Nationals,2026-05-12,4,1,0,0,1,2,1,1,0,0,R,.232,.292,.401,.693,2,0,4
691781,Brady House,120,Nationals,2026-05-13,4,0,0,0,0,0,1,0,0,0,R,.226,.285,.390,.675,0,0,0
691781,Brady House,120,Nationals,2026-05-14,4,0,0,0,0,0,2,0,0,0,R,.220,.278,.380,.658,0,0,0
691781,Brady House,120,Nationals,2026-05-15,3,0,0,0,0,1,1,0,0,1,R,.216,.271,.373,.644,0,0,0
691781,Brady House,120,Nationals,2026-05-16,2,2,1,0,1,3,0,0,0,0,R,.226,.280,.406,.686,2,0,6
691781,Brady House,120,Nationals,2026-05-17,5,1,0,0,0,0,2,0,0,0,R,.225,.277,.400,.677,0,0,1
691781,Brady House,120,Nationals,2026-05-18,3,1,0,0,0,0,0,1,0,0,R,.227,.282,.399,.681,1,0,1
691781,Brady House,120,Nationals,2026-07-26,5,2,2,0,0,1,1,0,0,0,R,.232,.286,.411,.697,2,0,4
691781,Brady House,120,Nationals,2026-07-28,3,2,0,0,0,0,0,0,0,0,R,.240,.292,.415,.707,0,0,2
691781,Brady House,120,Nationals,2026-07-29,3,0,0,0,0,0,1,0,0,0,R,.236,.287,.408,.695,0,0,0
682928,CJ Abrams,120,Nationals,2026-07-19,4,2,1,0,1,2,2,1,0,0,L,.277,.352,.517,.869,1,0,6
682928,CJ Abrams,120,Nationals,2026-07-20,5,1,0,0,1,2,2,0,0,0,L,.275,.350,.521,.871,1,0,4
682928,CJ Abrams,120,Nationals,2026-07-21,3,2,0,0,2,4,0,1,0,0,L,.279,.354,.538,.892,2,0,8
682928,CJ Abrams,120,Nationals,2026-07-22,5,4,1,0,0,0,1,0,0,0,L,.286,.359,.544,.903,1,1,5
682928,CJ Abrams,120,Nationals,2026-07-24,4,2,0,0,0,0,1,0,0,0,L,.288,.361,.544,.905,1,0,2
682928,CJ Abrams,120,Nationals,2026-07-25,4,3,1,0,1,3,0,0,0,0,L,.293,.364,.557,.921,1,1,7
682928,CJ Abrams,120,Nationals,2026-07-26,5,3,0,0,2,3,1,0,0,0,L,.297,.367,.573,.940,2,0,9
682928,CJ Abrams,120,Nationals,2026-07-27,2,0,0,0,0,0,2,2,0,0,L,.295,.368,.570,.938,0,2,0
682928,CJ Abrams,120,Nationals,2026-07-28,5,1,0,0,0,0,1,0,0,0,L,.294,.366,.565,.931,1,0,1
682928,CJ Abrams,120,Nationals,2026-07-29,3,0,0,0,0,0,1,1,0,0,L,.292,.365,.561,.926,1,0,0
695734,Daylen Lile,120,Nationals,2026-07-19,4,0,0,0,0,0,2,0,0,0,L,.245,.297,.402,.699,0,0,0
695734,Daylen Lile,120,Nationals,2026-07-20,2,1,0,1,0,1,0,0,0,0,L,.247,.298,.408,.706,1,0,3
695734,Daylen Lile,120,Nationals,2026-07-21,4,1,1,0,0,0,2,0,0,0,L,.247,.298,.409,.707,0,0,2
695734,Daylen Lile,120,Nationals,2026-07-22,4,0,0,0,0,0,0,1,0,0,L,.244,.297,.405,.702,1,1,0
695734,Daylen Lile,120,Nationals,2026-07-24,1,0,0,0,0,0,0,0,0,0,L,.244,.296,.404,.700,0,0,0
695734,Daylen Lile,120,Nationals,2026-07-25,4,1,0,1,0,2,1,0,0,0,L,.244,.296,.407,.703,0,0,3
695734,Daylen Lile,120,Nationals,2026-07-26,3,1,0,0,0,0,0,0,0,0,L,.244,.296,.406,.702,1,0,1
695734,Daylen Lile,120,Nationals,2026-07-27,4,1,0,0,0,0,2,0,0,0,L,.244,.295,.405,.700,0,0,1
695734,Daylen Lile,120,Nationals,2026-07-28,3,1,0,0,0,1,1,1,0,0,L,.245,.297,.404,.701,1,0,1
695734,Daylen Lile,120,Nationals,2026-07-29,4,1,0,0,0,0,1,0,0,0,L,.245,.297,.403,.700,0,0,1
686611,Dylan Crews,120,Nationals,2026-07-17,5,1,1,0,0,1,3,1,0,0,R,.211,.272,.344,.616,2,1,2
686611,Dylan Crews,120,Nationals,2026-07-18,3,0,0,0,0,0,0,0,1,0,R,.208,.271,.339,.610,0,0,0
686611,Dylan Crews,120,Nationals,2026-07-19,3,1,0,0,1,1,1,1,1,0,R,.210,.279,.355,.634,2,0,4
686611,Dylan Crews,120,Nationals,2026-07-20,3,0,0,0,0,0,1,1,0,0,R,.206,.279,.349,.628,0,0,0
686611,Dylan Crews,120,Nationals,2026-07-22,3,2,0,0,0,1,1,1,1,0,R,.214,.291,.354,.645,0,0,2
686611,Dylan Crews,120,Nationals,2026-07-24,4,2,0,0,1,2,1,0,0,0,R,.219,.295,.372,.667,1,0,5
686611,Dylan Crews,120,Nationals,2026-07-25,1,0,0,0,0,0,1,3,0,0,R,.218,.303,.371,.674,1,0,0
686611,Dylan Crews,120,Nationals,2026-07-26,5,3,1,0,0,0,0,0,0,0,R,.228,.310,.381,.691,1,0,4
686611,Dylan Crews,120,Nationals,2026-07-27,4,1,1,0,0,0,2,0,0,0,R,.228,.309,.383,.692,0,0,2
686611,Dylan Crews,120,Nationals,2026-07-28,4,1,0,0,1,1,2,1,0,0,R,.229,.311,.395,.706,2,0,4
695670,Harry Ford,120,Nationals,2026-07-17,5,2,0,0,1,3,2,1,0,0,R,.400,.500,1.000,1.500,3,0,5
695670,Harry Ford,120,Nationals,2026-07-19,3,1,1,0,0,1,1,0,1,0,R,.375,.500,.875,1.375,0,1,2
695670,Harry Ford,120,Nationals,2026-07-20,3,0,0,0,0,0,2,0,0,0,R,.273,.385,.636,1.021,0,0,0
695670,Harry Ford,120,Nationals,2026-07-24,3,1,0,0,0,0,1,0,0,0,R,.286,.375,.571,.946,0,0,1
695670,Harry Ford,120,Nationals,2026-07-26,3,0,0,0,0,0,1,1,0,0,R,.235,.350,.471,.821,0,0,0
695670,Harry Ford,120,Nationals,2026-07-29,3,0,0,0,0,0,0,1,0,0,R,.200,.333,.400,.733,0,0,0
696285,Jacob Young,120,Nationals,2026-07-17,4,1,1,0,0,1,0,2,0,0,R,.224,.280,.371,.651,2,0,2
696285,Jacob Young,120,Nationals,2026-07-19,3,1,0,0,0,0,0,0,1,0,R,.225,.283,.371,.654,0,2,1
696285,Jacob Young,120,Nationals,2026-07-20,4,3,0,0,1,1,0,0,0,0,R,.233,.289,.387,.676,1,0,6
696285,Jacob Young,120,Nationals,2026-07-21,4,0,0,0,0,0,2,0,0,0,R,.230,.285,.382,.667,0,0,0
696285,Jacob Young,120,Nationals,2026-07-22,0,0,0,0,0,0,0,0,0,0,R,.230,.285,.382,.667,0,0,0
696285,Jacob Young,120,Nationals,2026-07-24,2,0,0,0,0,0,1,0,0,0,R,.228,.283,.379,.662,0,0,0
696285,Jacob Young,120,Nationals,2026-07-25,4,2,0,0,0,0,0,0,0,0,R,.232,.286,.381,.667,1,2,2
696285,Jacob Young,120,Nationals,2026-07-26,4,2,1,0,0,2,0,0,0,0,R,.235,.289,.386,.675,1,0,3
696285,Jacob Young,120,Nationals,2026-07-28,0,0,0,0,0,2,0,3,0,1,R,.235,.295,.386,.681,1,0,0
696285,Jacob Young,120,Nationals,2026-07-29,2,1,1,0,0,1,0,1,0,0,R,.237,.298,.390,.688,0,0,2
695578,James Wood,120,Nationals,2026-07-19,5,0,0,0,0,0,3,0,0,0,L,.272,.401,.556,.957,0,0,0
695578,James Wood,120,Nationals,2026-07-20,4,1,0,0,0,0,0,1,0,0,L,.271,.401,.553,.954,2,0,1
695578,James Wood,120,Nationals,2026-07-21,5,2,2,0,0,2,2,0,0,0,L,.273,.401,.556,.957,1,0,4
695578,James Wood,120,Nationals,2026-07-22,4,0,0,0,0,1,0,0,0,1,L,.270,.397,.551,.948,0,0,0
695578,James Wood,120,Nationals,2026-07-24,4,1,0,0,0,0,2,0,0,0,L,.270,.395,.548,.943,0,0,1
695578,James Wood,120,Nationals,2026-07-25,5,1,0,0,0,0,2,0,0,0,L,.269,.394,.543,.937,0,0,1
695578,James Wood,120,Nationals,2026-07-26,4,2,0,0,2,3,1,1,0,0,L,.271,.396,.557,.953,2,0,8
695578,James Wood,120,Nationals,2026-07-27,3,1,0,0,0,0,1,2,0,0,L,.272,.398,.556,.954,0,1,1
695578,James Wood,120,Nationals,2026-07-28,4,0,0,0,0,0,1,1,0,0,L,.269,.396,.550,.946,1,0,0
695578,James Wood,120,Nationals,2026-07-29,4,2,1,0,0,0,0,1,0,0,L,.271,.398,.552,.950,1,0,3
678391,Jorbit Vivas,120,Nationals,2026-07-10,2,0,0,0,0,0,1,0,0,0,L,.246,.327,.343,.670,0,0,0
678391,Jorbit Vivas,120,Nationals,2026-07-11,3,0,0,0,0,0,0,1,0,0,L,.242,.325,.337,.662,0,0,0
678391,Jorbit Vivas,120,Nationals,2026-07-12,4,0,0,0,0,0,1,0,0,0,L,.236,.319,.330,.649,0,0,0
678391,Jorbit Vivas,120,Nationals,2026-07-18,2,1,0,0,0,1,0,1,0,1,L,.239,.322,.332,.654,0,0,1
678391,Jorbit Vivas,120,Nationals,2026-07-21,0,0,0,0,0,1,0,0,0,1,L,.239,.321,.332,.653,0,0,0
678391,Jorbit Vivas,120,Nationals,2026-07-22,3,2,0,1,0,0,1,1,0,0,L,.246,.329,.348,.677,2,0,4
678391,Jorbit Vivas,120,Nationals,2026-07-24,1,0,0,0,0,0,1,0,0,0,L,.245,.327,.346,.673,0,0,0
678391,Jorbit Vivas,120,Nationals,2026-07-27,4,0,0,0,0,0,3,0,0,0,L,.240,.321,.339,.660,0,0,0
678391,Jorbit Vivas,120,Nationals,2026-07-28,0,0,0,0,0,0,0,1,0,0,L,.240,.324,.339,.663,0,0,0
678391,Jorbit Vivas,120,Nationals,2026-07-29,4,1,0,0,0,0,1,0,0,0,L,.240,.323,.337,.660,0,0,1
677588,José Tena,120,Nationals,2026-07-11,1,0,0,0,0,0,1,0,0,0,L,.232,.295,.399,.694,0,0,0
677588,José Tena,120,Nationals,2026-07-12,2,2,1,0,0,0,0,0,1,0,L,.241,.306,.412,.718,0,0,3
677588,José Tena,120,Nationals,2026-07-17,1,1,0,0,0,0,0,0,0,0,L,.246,.310,.415,.725,1,0,1
677588,José Tena,120,Nationals,2026-07-18,3,0,0,0,0,0,1,1,0,0,L,.241,.309,.408,.717,0,0,0
677588,José Tena,120,Nationals,2026-07-20,1,0,0,0,0,0,0,0,0,0,L,.240,.307,.406,.713,0,0,0
677588,José Tena,120,Nationals,2026-07-21,2,1,0,0,0,0,0,0,0,0,L,.243,.309,.407,.716,2,0,1
677588,José Tena,120,Nationals,2026-07-22,5,2,0,0,0,0,3,0,0,0,L,.247,.312,.407,.719,1,0,2
677588,José Tena,120,Nationals,2026-07-24,1,0,0,0,0,0,0,0,0,0,L,.246,.310,.404,.714,0,0,0
677588,José Tena,120,Nationals,2026-07-27,2,0,0,0,0,0,1,0,0,0,L,.243,.307,.400,.707,0,0,0
677588,José Tena,120,Nationals,2026-07-29,0,0,0,0,0,0,0,1,0,0,L,.243,.310,.400,.710,0,0,0
660688,Keibert Ruiz,120,Nationals,2026-07-10,4,1,0,0,1,1,1,0,0,0,S,.279,.306,.472,.778,1,0,4
660688,Keibert Ruiz,120,Nationals,2026-07-12,3,0,0,0,0,0,0,0,0,0,S,.275,.302,.465,.767,0,0,0
660688,Keibert Ruiz,120,Nationals,2026-07-18,4,2,1,0,0,0,0,0,0,0,S,.279,.306,.471,.777,1,0,3
660688,Keibert Ruiz,120,Nationals,2026-07-20,0,0,0,0,0,0,0,0,0,0,S,.279,.306,.471,.777,0,0,0
660688,Keibert Ruiz,120,Nationals,2026-07-21,3,0,0,0,0,0,0,1,0,0,S,.275,.305,.464,.769,1,0,0
660688,Keibert Ruiz,120,Nationals,2026-07-22,5,1,1,0,0,0,0,0,0,0,S,.274,.302,.462,.764,1,0,2
660688,Keibert Ruiz,120,Nationals,2026-07-24,1,0,0,0,0,0,0,0,0,0,S,.272,.301,.460,.761,0,0,0
660688,Keibert Ruiz,120,Nationals,2026-07-25,4,1,1,0,0,0,0,0,0,0,S,.272,.300,.461,.761,0,0,2
660688,Keibert Ruiz,120,Nationals,2026-07-27,4,0,0,0,0,0,0,0,0,0,S,.267,.295,.452,.747,0,0,0
660688,Keibert Ruiz,120,Nationals,2026-07-28,4,1,0,0,0,1,1,1,0,0,S,.267,.297,.449,.746,1,0,1
671277,Luis García Jr.,120,Nationals,2026-07-19,1,0,0,0,0,0,0,0,0,0,L,.279,.312,.545,.857,0,0,0
671277,Luis García Jr.,120,Nationals,2026-07-20,4,1,0,0,0,0,1,0,0,0,L,.279,.311,.542,.853,0,0,1
671277,Luis García Jr.,120,Nationals,2026-07-21,5,2,0,1,0,0,1,0,0,0,L,.281,.312,.546,.858,0,0,4
671277,Luis García Jr.,120,Nationals,2026-07-22,5,1,0,0,1,2,2,0,0,0,L,.280,.311,.550,.861,1,0,4
671277,Luis García Jr.,120,Nationals,2026-07-24,3,0,0,0,0,0,0,1,0,0,L,.277,.310,.545,.855,0,0,0
671277,Luis García Jr.,120,Nationals,2026-07-25,2,0,0,0,0,0,1,0,0,0,L,.275,.308,.541,.849,0,0,0
671277,Luis García Jr.,120,Nationals,2026-07-26,4,2,1,0,0,0,0,0,0,0,L,.278,.310,.544,.854,0,0,3
671277,Luis García Jr.,120,Nationals,2026-07-27,5,2,1,0,0,1,1,0,0,0,L,.280,.312,.545,.857,0,0,3
671277,Luis García Jr.,120,Nationals,2026-07-28,5,2,0,0,1,2,1,0,0,0,L,.282,.313,.551,.864,1,0,5
671277,Luis García Jr.,120,Nationals,2026-07-29,4,1,0,0,0,1,0,0,0,0,L,.281,.312,.548,.860,0,0,1
683083,Nasim Nuñez,120,Nationals,2026-07-19,4,1,0,0,0,0,0,0,0,0,S,.246,.330,.293,.623,1,2,1
683083,Nasim Nuñez,120,Nationals,2026-07-20,4,1,0,0,0,0,0,0,0,0,S,.246,.329,.293,.622,0,0,1
683083,Nasim Nuñez,120,Nationals,2026-07-21,4,2,0,0,0,0,0,0,0,0,S,.250,.331,.296,.627,1,0,2
683083,Nasim Nuñez,120,Nationals,2026-07-22,4,2,0,0,0,2,0,0,0,0,S,.253,.333,.299,.632,1,0,2
683083,Nasim Nuñez,120,Nationals,2026-07-24,3,0,0,0,0,0,0,0,0,0,S,.251,.330,.296,.626,0,0,0
683083,Nasim Nuñez,120,Nationals,2026-07-25,2,0,0,0,0,0,0,2,0,0,S,.249,.332,.294,.626,0,0,0
683083,Nasim Nuñez,120,Nationals,2026-07-26,3,0,0,0,0,0,0,1,0,0,S,.247,.331,.291,.622,1,0,0
683083,Nasim Nuñez,120,Nationals,2026-07-27,4,2,0,0,0,0,0,0,0,0,S,.250,.333,.293,.626,1,1,2
683083,Nasim Nuñez,120,Nationals,2026-07-28,3,0,0,0,0,1,0,0,0,1,S,.248,.329,.290,.619,0,0,0
683083,Nasim Nuñez,120,Nationals,2026-07-29,4,0,0,0,0,0,1,0,0,0,S,.244,.326,.287,.613,0,0,0
805999,A.J. Ewing,121,Mets,2026-07-18,3,1,0,0,0,0,1,0,0,0,L,.275,.346,.436,.782,0,1,1
805999,A.J. Ewing,121,Mets,2026-07-19,6,2,0,0,0,0,2,0,0,0,L,.276,.346,.433,.779,0,0,2
805999,A.J. Ewing,121,Mets,2026-07-20,4,0,0,0,0,0,3,1,0,0,L,.271,.343,.425,.768,0,0,0
805999,A.J. Ewing,121,Mets,2026-07-21,4,1,0,0,0,0,1,1,0,0,L,.271,.344,.422,.766,0,1,1
805999,A.J. Ewing,121,Mets,2026-07-22,5,2,1,0,0,0,2,0,0,0,L,.274,.345,.426,.771,0,0,3
805999,A.J. Ewing,121,Mets,2026-07-24,4,0,0,0,0,0,0,0,0,0,L,.269,.340,.419,.759,0,0,0
805999,A.J. Ewing,121,Mets,2026-07-25,5,0,0,0,0,0,2,0,0,0,L,.263,.333,.409,.742,0,0,0
805999,A.J. Ewing,121,Mets,2026-07-26,3,1,1,0,0,0,0,2,0,0,L,.264,.338,.413,.751,2,0,2
805999,A.J. Ewing,121,Mets,2026-07-27,5,3,0,0,0,1,2,0,0,1,L,.271,.342,.417,.759,2,1,3
805999,A.J. Ewing,121,Mets,2026-07-29,2,1,0,0,0,1,0,1,0,1,L,.273,.344,.417,.761,1,2,1
666182,Bo Bichette,121,Mets,2026-07-19,5,2,0,0,0,0,1,1,0,0,R,.253,.300,.370,.670,1,0,2
666182,Bo Bichette,121,Mets,2026-07-20,3,2,1,0,0,0,1,1,0,0,R,.256,.304,.375,.679,1,0,3
666182,Bo Bichette,121,Mets,2026-07-21,4,1,0,0,0,0,1,1,0,0,R,.256,.305,.373,.678,1,0,1
666182,Bo Bichette,121,Mets,2026-07-22,4,1,0,0,0,0,2,0,0,0,R,.256,.305,.372,.677,0,0,1
666182,Bo Bichette,121,Mets,2026-07-24,4,0,0,0,0,0,3,0,0,0,R,.253,.302,.369,.671,0,0,0
666182,Bo Bichette,121,Mets,2026-07-25,5,2,0,0,0,1,0,0,0,0,R,.255,.303,.369,.672,0,0,2
666182,Bo Bichette,121,Mets,2026-07-26,4,2,0,0,0,0,1,0,0,0,R,.257,.305,.370,.675,1,0,2
666182,Bo Bichette,121,Mets,2026-07-27,5,3,0,0,0,1,0,0,0,1,R,.261,.307,.373,.680,0,0,3
666182,Bo Bichette,121,Mets,2026-07-29,4,0,0,0,0,0,0,0,0,0,R,.259,.305,.369,.674,0,0,0
666182,Bo Bichette,121,Mets,2026-07-29,4,0,0,0,0,0,2,0,0,0,R,.256,.302,.366,.668,0,0,0
683146,Brett Baty,121,Mets,2026-07-10,4,3,0,0,1,1,0,0,0,0,L,.226,.301,.322,.623,2,1,6
683146,Brett Baty,121,Mets,2026-07-11,3,0,0,0,0,0,2,1,0,0,L,.224,.300,.318,.618,0,0,0
683146,Brett Baty,121,Mets,2026-07-12,4,0,0,0,0,0,1,0,0,0,L,.221,.297,.314,.611,0,0,0
683146,Brett Baty,121,Mets,2026-07-16,4,2,0,0,1,1,0,0,0,0,L,.224,.299,.327,.626,1,0,5
683146,Brett Baty,121,Mets,2026-07-19,5,1,0,0,0,0,0,0,0,0,L,.224,.298,.324,.622,1,0,1
683146,Brett Baty,121,Mets,2026-07-20,4,0,0,0,0,0,3,0,0,0,L,.221,.294,.320,.614,0,0,0
683146,Brett Baty,121,Mets,2026-07-22,2,1,0,0,1,1,0,0,0,0,L,.223,.295,.331,.626,1,0,4
683146,Brett Baty,121,Mets,2026-07-25,3,1,0,0,0,0,2,0,0,0,L,.224,.296,.331,.627,1,0,1
683146,Brett Baty,121,Mets,2026-07-26,3,0,0,0,0,0,2,1,0,0,L,.222,.295,.328,.623,0,0,0
683146,Brett Baty,121,Mets,2026-07-29,2,1,0,0,0,0,0,0,0,0,L,.224,.296,.329,.625,1,0,1
701807,Carson Benge,121,Mets,2026-07-16,4,1,0,0,0,0,0,0,0,0,L,.263,.326,.401,.727,0,1,1
701807,Carson Benge,121,Mets,2026-07-18,4,0,0,0,0,0,2,0,0,0,L,.260,.322,.396,.718,0,0,0
701807,Carson Benge,121,Mets,2026-07-19,3,1,0,0,0,1,1,1,0,1,L,.261,.323,.396,.719,0,0,1
701807,Carson Benge,121,Mets,2026-07-21,5,2,1,0,0,2,1,0,0,0,L,.263,.324,.398,.722,0,0,3
701807,Carson Benge,121,Mets,2026-07-22,4,1,0,0,0,0,2,0,0,0,L,.263,.324,.397,.721,0,0,1
701807,Carson Benge,121,Mets,2026-07-24,4,0,0,0,0,0,2,0,0,0,L,.260,.320,.393,.713,0,0,0
701807,Carson Benge,121,Mets,2026-07-25,4,1,0,0,0,0,1,0,1,0,L,.260,.321,.391,.712,1,0,1
701807,Carson Benge,121,Mets,2026-07-26,2,0,0,0,0,0,1,2,0,0,L,.258,.323,.389,.712,1,0,0
701807,Carson Benge,121,Mets,2026-07-29,4,2,1,0,0,1,1,0,0,0,L,.261,.325,.393,.718,0,0,3
701807,Carson Benge,121,Mets,2026-07-29,3,1,0,0,0,0,1,0,0,0,L,.262,.325,.392,.717,0,0,1
676572,Eric Wagaman,121,Mets,2026-06-24,3,1,0,0,0,0,1,0,0,0,R,.211,.318,.368,.686,1,0,1
676572,Eric Wagaman,121,Mets,2026-06-25,3,1,0,0,1,2,0,0,0,0,R,.227,.320,.500,.820,1,0,4
676572,Eric Wagaman,121,Mets,2026-06-27,1,0,0,0,0,0,0,0,0,0,R,.217,.308,.478,.786,0,0,0
676572,Eric Wagaman,121,Mets,2026-06-28,3,0,0,0,0,0,1,0,0,0,R,.192,.276,.423,.699,0,0,0
676572,Eric Wagaman,121,Mets,2026-06-29,0,0,0,0,0,0,0,0,0,0,R,.192,.276,.423,.699,0,0,0
676572,Eric Wagaman,121,Mets,2026-07-04,2,1,0,0,0,0,0,1,0,0,R,.214,.313,.429,.742,0,0,1
676572,Eric Wagaman,121,Mets,2026-07-11,3,0,0,0,0,0,1,1,0,0,R,.194,.306,.387,.693,0,0,0
676572,Eric Wagaman,121,Mets,2026-07-12,3,0,0,0,0,0,1,0,0,0,R,.176,.282,.353,.635,0,0,0
676572,Eric Wagaman,121,Mets,2026-07-18,3,0,0,0,0,0,1,0,0,0,R,.162,.262,.324,.586,0,0,0
676572,Eric Wagaman,121,Mets,2026-07-29,3,1,0,0,0,0,0,0,0,0,R,.175,.267,.325,.592,0,0,1
682626,Francisco Alvarez,121,Mets,2026-07-11,3,2,0,0,0,0,1,1,0,0,R,.254,.317,.416,.733,0,0,2
682626,Francisco Alvarez,121,Mets,2026-07-16,3,2,0,0,2,2,1,1,0,0,R,.259,.325,.448,.773,2,0,8
682626,Francisco Alvarez,121,Mets,2026-07-18,3,0,0,0,0,0,1,1,0,0,R,.256,.324,.442,.766,0,0,0
682626,Francisco Alvarez,121,Mets,2026-07-20,3,1,0,0,0,0,1,1,0,0,R,.257,.326,.440,.766,1,0,1
682626,Francisco Alvarez,121,Mets,2026-07-22,4,1,0,0,0,1,3,0,0,0,R,.257,.325,.437,.762,0,0,1
682626,Francisco Alvarez,121,Mets,2026-07-24,3,1,0,0,1,1,1,0,0,0,R,.258,.325,.449,.774,1,0,4
682626,Francisco Alvarez,121,Mets,2026-07-25,2,1,0,0,0,0,1,2,0,0,R,.260,.332,.449,.781,0,0,1
682626,Francisco Alvarez,121,Mets,2026-07-27,2,1,0,0,0,0,0,3,0,0,R,.262,.341,.450,.791,1,0,1
682626,Francisco Alvarez,121,Mets,2026-07-29,4,1,1,0,0,1,2,0,0,0,R,.262,.340,.451,.791,0,0,2
682626,Francisco Alvarez,121,Mets,2026-07-29,3,0,0,0,0,0,1,0,0,0,R,.258,.336,.445,.781,0,0,0
596019,Francisco Lindor,121,Mets,2026-07-19,3,3,1,0,1,3,0,2,0,0,S,.220,.304,.390,.694,1,0,7
596019,Francisco Lindor,121,Mets,2026-07-20,4,1,0,0,0,1,1,0,0,0,S,.220,.303,.387,.690,0,0,1
596019,Francisco Lindor,121,Mets,2026-07-21,4,3,1,0,0,0,1,1,0,0,S,.233,.316,.401,.717,1,0,4
596019,Francisco Lindor,121,Mets,2026-07-22,4,1,0,0,0,0,1,0,0,0,S,.233,.315,.398,.713,0,0,1
596019,Francisco Lindor,121,Mets,2026-07-24,4,0,0,0,0,0,2,0,0,0,S,.228,.308,.389,.697,0,0,0
596019,Francisco Lindor,121,Mets,2026-07-25,3,0,0,0,0,0,1,2,0,0,S,.224,.311,.383,.694,0,0,0
596019,Francisco Lindor,121,Mets,2026-07-26,5,1,0,0,0,1,1,0,0,0,S,.223,.308,.378,.686,0,0,1
596019,Francisco Lindor,121,Mets,2026-07-27,5,3,0,1,2,6,0,1,0,0,S,.233,.318,.425,.743,2,0,11
596019,Francisco Lindor,121,Mets,2026-07-29,2,0,0,0,0,0,0,2,0,0,S,.231,.321,.421,.742,0,0,0
596019,Francisco Lindor,121,Mets,2026-07-29,4,0,0,0,0,0,1,0,0,0,S,.226,.316,.412,.728,0,0,0
676724,Jared Young,121,Mets,2026-07-16,2,0,0,0,0,0,2,2,0,0,L,.245,.323,.420,.743,1,0,0
676724,Jared Young,121,Mets,2026-07-19,1,0,0,0,0,0,0,0,1,0,L,.243,.325,.417,.742,0,0,0
676724,Jared Young,121,Mets,2026-07-20,4,1,0,0,0,0,0,0,0,0,L,.243,.323,.412,.735,0,0,1
676724,Jared Young,121,Mets,2026-07-21,4,2,0,0,1,1,0,0,0,0,L,.250,.327,.434,.761,1,0,5
676724,Jared Young,121,Mets,2026-07-22,2,0,0,0,0,0,1,0,0,0,L,.247,.324,.429,.753,0,0,0
676724,Jared Young,121,Mets,2026-07-24,3,2,1,0,0,0,0,0,0,0,L,.255,.330,.439,.769,0,1,3
676724,Jared Young,121,Mets,2026-07-25,0,0,0,0,0,0,0,0,0,0,L,.255,.330,.439,.769,0,0,0
676724,Jared Young,121,Mets,2026-07-26,2,0,0,0,0,0,1,0,0,0,L,.252,.326,.434,.760,0,0,0
676724,Jared Young,121,Mets,2026-07-27,5,1,0,0,0,0,1,0,0,0,L,.250,.322,.427,.749,2,0,1
676724,Jared Young,121,Mets,2026-07-29,2,1,0,0,0,0,0,1,1,0,L,.253,.332,.428,.760,0,0,1
593871,Jorge Polanco,121,Mets,2026-07-10,4,0,0,0,0,0,0,0,0,0,S,.176,.243,.279,.522,0,0,0
593871,Jorge Polanco,121,Mets,2026-07-11,4,1,0,0,0,0,1,0,0,0,S,.181,.244,.278,.522,0,0,1
593871,Jorge Polanco,121,Mets,2026-07-12,1,0,0,0,0,0,1,0,0,0,S,.178,.241,.274,.515,0,0,0
593871,Jorge Polanco,121,Mets,2026-07-16,4,0,0,0,0,0,1,0,0,0,S,.169,.229,.260,.489,0,0,0
593871,Jorge Polanco,121,Mets,2026-07-20,4,1,0,0,0,1,1,0,0,0,S,.173,.230,.259,.489,0,0,1
593871,Jorge Polanco,121,Mets,2026-07-22,4,0,0,0,0,0,2,0,0,0,S,.165,.220,.247,.467,0,0,0
593871,Jorge Polanco,121,Mets,2026-07-24,2,0,0,0,0,0,2,0,0,0,S,.161,.215,.241,.456,0,0,0
593871,Jorge Polanco,121,Mets,2026-07-25,4,0,0,0,0,0,2,0,0,0,S,.154,.206,.231,.437,0,0,0
593871,Jorge Polanco,121,Mets,2026-07-26,3,0,0,0,0,0,0,1,0,0,S,.149,.208,.223,.431,1,0,0
593871,Jorge Polanco,121,Mets,2026-07-29,3,0,0,0,0,0,3,0,0,0,S,.144,.202,.216,.418,0,0,0
673357,Luis Robert Jr.,121,Mets,2026-04-23,4,1,1,0,0,1,0,0,0,0,R,.232,.330,.341,.671,1,0,2
673357,Luis Robert Jr.,121,Mets,2026-04-26,3,0,0,0,0,0,0,1,0,0,R,.224,.327,.329,.656,0,0,0
673357,Luis Robert Jr.,121,Mets,2026-07-20,4,0,0,0,0,0,3,0,0,0,R,.213,.314,.315,.629,0,0,0
673357,Luis Robert Jr.,121,Mets,2026-07-21,5,1,0,0,1,1,1,0,0,0,R,.213,.308,.340,.648,1,0,4
673357,Luis Robert Jr.,121,Mets,2026-07-22,1,0,0,0,0,0,1,0,0,0,R,.211,.306,.337,.643,0,0,0
673357,Luis Robert Jr.,121,Mets,2026-07-24,3,1,0,0,1,1,0,0,0,0,R,.214,.306,.367,.673,1,0,4
673357,Luis Robert Jr.,121,Mets,2026-07-25,2,0,0,0,0,0,1,2,0,0,R,.210,.313,.360,.673,1,0,0
673357,Luis Robert Jr.,121,Mets,2026-07-26,0,0,0,0,0,0,0,1,0,0,R,.210,.319,.360,.679,1,0,0
673357,Luis Robert Jr.,121,Mets,2026-07-27,6,1,0,0,0,0,3,0,0,0,R,.208,.311,.349,.660,0,0,1
673357,Luis Robert Jr.,121,Mets,2026-07-29,4,0,0,0,0,0,2,0,0,0,R,.200,.302,.336,.638,0,0,0
620443,Luis Torrens,121,Mets,2026-07-06,1,1,1,0,0,2,0,0,0,0,R,.219,.280,.325,.605,0,0,2
620443,Luis Torrens,121,Mets,2026-07-07,5,1,0,0,0,0,0,0,0,0,R,.218,.278,.321,.599,2,0,1
620443,Luis Torrens,121,Mets,2026-07-09,3,0,0,0,0,0,1,1,0,0,R,.214,.277,.314,.591,0,0,0
620443,Luis Torrens,121,Mets,2026-07-12,3,1,0,0,0,0,2,0,0,0,R,.216,.278,.315,.593,0,0,1
620443,Luis Torrens,121,Mets,2026-07-19,4,2,1,0,0,1,0,1,0,0,R,.223,.287,.325,.612,2,0,3
620443,Luis Torrens,121,Mets,2026-07-21,4,2,0,0,0,0,0,0,0,0,R,.229,.292,.329,.621,0,0,2
620443,Luis Torrens,121,Mets,2026-07-22,1,0,0,0,0,0,0,0,0,0,R,.228,.290,.327,.617,0,0,0
620443,Luis Torrens,121,Mets,2026-07-26,4,0,0,0,0,0,2,0,0,0,R,.223,.284,.320,.604,0,0,0
620443,Luis Torrens,121,Mets,2026-07-27,4,1,1,0,0,1,0,1,0,0,R,.223,.287,.324,.611,1,0,2
620443,Luis Torrens,121,Mets,2026-07-29,3,0,0,0,0,0,1,0,0,0,R,.220,.283,.319,.602,0,0,0
543760,Marcus Semien,121,Mets,2026-07-18,4,0,0,0,0,0,1,0,0,0,R,.211,.268,.337,.605,0,0,0
543760,Marcus Semien,121,Mets,2026-07-19,5,0,0,0,0,0,4,0,0,0,R,.207,.264,.331,.595,0,0,0
543760,Marcus Semien,121,Mets,2026-07-21,4,1,0,0,0,0,1,0,0,0,R,.208,.264,.330,.594,0,0,1
543760,Marcus Semien,121,Mets,2026-07-22,3,1,0,0,1,1,0,1,0,0,R,.209,.266,.340,.606,1,0,4
543760,Marcus Semien,121,Mets,2026-07-24,3,0,0,0,0,0,1,0,0,0,R,.207,.264,.337,.601,0,0,0
543760,Marcus Semien,121,Mets,2026-07-25,4,0,0,0,0,0,1,0,0,0,R,.204,.261,.332,.593,0,0,0
543760,Marcus Semien,121,Mets,2026-07-26,1,1,0,0,1,3,0,0,0,0,R,.207,.263,.344,.607,1,0,4
543760,Marcus Semien,121,Mets,2026-07-27,4,3,0,0,1,2,0,1,0,0,R,.214,.271,.358,.629,3,0,6
543760,Marcus Semien,121,Mets,2026-07-29,2,0,0,0,0,0,1,0,0,0,R,.213,.269,.356,.625,0,0,0
543760,Marcus Semien,121,Mets,2026-07-29,3,0,0,0,0,0,3,0,0,0,R,.211,.267,.353,.620,0,0,0
621438,Tyrone Taylor,121,Mets,2026-07-12,3,1,1,0,0,0,1,1,0,0,R,.217,.248,.417,.665,0,0,2
621438,Tyrone Taylor,121,Mets,2026-07-16,1,0,0,0,0,0,1,0,0,0,R,.215,.246,.413,.659,0,0,0
621438,Tyrone Taylor,121,Mets,2026-07-18,3,2,0,0,1,1,0,0,0,0,R,.226,.256,.444,.700,1,0,5
621438,Tyrone Taylor,121,Mets,2026-07-19,2,1,1,0,0,0,0,1,0,0,R,.230,.265,.452,.717,0,0,2
621438,Tyrone Taylor,121,Mets,2026-07-22,1,0,0,0,0,0,1,1,0,0,R,.228,.269,.449,.718,1,0,0
621438,Tyrone Taylor,121,Mets,2026-07-25,1,1,1,0,0,2,0,0,0,0,R,.234,.274,.461,.735,0,0,2
621438,Tyrone Taylor,121,Mets,2026-07-26,3,1,0,0,1,3,1,0,1,0,R,.237,.281,.481,.762,1,0,4
621438,Tyrone Taylor,121,Mets,2026-07-27,5,3,0,0,1,3,1,0,0,0,R,.250,.292,.507,.799,3,0,6
621438,Tyrone Taylor,121,Mets,2026-07-29,3,0,0,0,0,0,2,1,0,0,R,.245,.291,.496,.787,1,0,0
621438,Tyrone Taylor,121,Mets,2026-07-29,2,0,0,0,0,0,1,1,0,0,R,.241,.291,.489,.780,0,0,0
